,Mouse ID,Timepoint,Tumor Volume (mm3),Metastatic Sites,Drug
0,b128,0,45.0,0,Capomulin
1,f932,0,45.0,0,Ketapril
2,g107,0,45.0,0,Ketapril
3,a457,0,45.0,0,Ketapril
4,c819,0,45.0,0,Ketapril
5,h246,0,45.0,0,Ketapril
6,p189,0,45.0,0,Ketapril
7,n923,0,45.0,0,Ketapril
8,q119,0,45.0,0,Ketapril
9,f993,0,45.0,0,Naftisol
10,z234,0,45.0,0,Naftisol
11,b559,0,45.0,0,Naftisol
12,y260,0,45.0,0,Ketapril
13,x930,0,45.0,0,Naftisol
14,o725,0,45.0,0,Naftisol
15,z969,0,45.0,0,Naftisol
16,v835,0,45.0,0,Naftisol
17,r604,0,45.0,0,Naftisol
18,n304,0,45.0,0,Naftisol
19,l700,0,45.0,0,Naftisol
20,x336,0,45.0,0,Naftisol
21,l725,0,45.0,0,Naftisol
22,m133,0,45.0,0,Naftisol
23,v295,0,45.0,0,Naftisol
24,a818,0,45.0,0,Naftisol
25,y601,0,45.0,0,Naftisol
26,t724,0,45.0,0,Naftisol
27,k382,0,45.0,0,Ketapril
28,w422,0,45.0,0,Ketapril
29,c326,0,45.0,0,Infubinol
30,c139,0,45.0,0,Infubinol
31,v339,0,45.0,0,Infubinol
32,a577,0,45.0,0,Infubinol
33,y163,0,45.0,0,Infubinol
34,k483,0,45.0,0,Infubinol
35,k804,0,45.0,0,Infubinol
36,o809,0,45.0,0,Infubinol
37,z581,0,45.0,0,Infubinol
38,a251,0,45.0,0,Infubinol
39,i386,0,45.0,0,Infubinol
40,c580,0,45.0,0,Ketapril
41,q132,0,45.0,0,Infubinol
42,u327,0,45.0,0,Ketapril
43,v603,0,45.0,0,Ketapril
44,f278,0,45.0,0,Ketapril
45,g497,0,45.0,0,Ketapril
46,d474,0,45.0,0,Ketapril
47,o973,0,45.0,0,Ketapril
48,c832,0,45.0,0,Ketapril
49,o331,0,45.0,0,Ketapril
50,m650,0,45.0,0,Ketapril
51,v289,0,45.0,0,Ketapril
52,m550,0,45.0,0,Ketapril
53,h428,0,45.0,0,Ketapril
54,r701,0,45.0,0,Naftisol
55,v199,0,45.0,0,Naftisol
56,x264,0,45.0,0,Naftisol
57,f234,0,45.0,0,Stelasyn
58,c458,0,45.0,0,Ramicane
59,q610,0,45.0,0,Ramicane
60,j913,0,45.0,0,Ramicane
61,a411,0,45.0,0,Ramicane
62,a444,0,45.0,0,Ramicane
63,d251,0,45.0,0,Ramicane
64,j989,0,45.0,0,Ramicane
65,y449,0,45.0,0,Ramicane
66,k403,0,45.0,0,Ramicane
67,c758,0,45.0,0,Ramicane
68,x402,0,45.0,0,Stelasyn
69,r811,0,45.0,0,Ramicane
70,a644,0,45.0,0,Ramicane
71,i177,0,45.0,0,Ramicane
72,g791,0,45.0,0,Ramicane
73,a520,0,45.0,0,Ramicane
74,u196,0,45.0,0,Ramicane
75,m546,0,45.0,0,Ramicane
76,w678,0,45.0,0,Ramicane
77,n364,0,45.0,0,Ramicane
78,s508,0,45.0,0,Ramicane
79,e662,0,45.0,0,Ramicane
80,z578,0,45.0,0,Ramicane
81,r921,0,45.0,0,Ramicane
82,a492,0,45.0,0,Stelasyn
83,w540,0,45.0,0,Stelasyn
84,v764,0,45.0,0,Stelasyn
85,z795,0,45.0,0,Naftisol
86,e291,0,45.0,0,Naftisol
87,e584,0,45.0,0,Naftisol
88,e213,0,45.0,0,Naftisol
89,j755,0,45.0,0,Naftisol
90,s565,0,45.0,0,Stelasyn
91,a366,0,45.0,0,Stelasyn
92,p387,0,45.0,0,Stelasyn
93,b879,0,45.0,0,Stelasyn
94,i901,0,45.0,0,Stelasyn
95,k862,0,45.0,0,Stelasyn
96,g867,0,45.0,0,Stelasyn
97,s619,0,45.0,0,Stelasyn
98,w697,0,45.0,0,Stelasyn
99,j984,0,45.0,0,Stelasyn
100,c402,0,45.0,0,Stelasyn
101,h333,0,45.0,0,Stelasyn
102,k510,0,45.0,0,Stelasyn
103,p981,0,45.0,0,Stelasyn
104,t451,0,45.0,0,Stelasyn
105,a963,0,45.0,0,Stelasyn
106,m269,0,45.0,0,Stelasyn
107,g989,0,45.0,0,Stelasyn
108,z314,0,45.0,0,Stelasyn
109,o848,0,45.0,0,Stelasyn
110,v719,0,45.0,0,Infubinol
111,q597,0,45.0,0,Ramicane
112,c895,0,45.0,0,Infubinol
113,a203,0,45.0,0,Infubinol
114,f394,0,45.0,0,Zoniferol
115,c264,0,45.0,0,Zoniferol
116,n967,0,45.0,0,Zoniferol
117,f545,0,45.0,0,Zoniferol
118,k894,0,45.0,0,Zoniferol
119,k754,0,45.0,0,Zoniferol
120,g296,0,45.0,0,Zoniferol
121,d164,0,45.0,0,Zoniferol
122,w575,0,45.0,0,Zoniferol
123,x613,0,45.0,0,Zoniferol
124,q633,0,45.0,0,Zoniferol
125,b313,0,45.0,0,Zoniferol
126,f129,0,45.0,0,Zoniferol
127,j365,0,45.0,0,Zoniferol
128,p136,0,45.0,0,Zoniferol
129,c559,0,45.0,0,Zoniferol
130,a788,0,45.0,0,Zoniferol
131,s337,0,45.0,0,Zoniferol
132,q511,0,45.0,0,Zoniferol
133,m331,0,45.0,0,Zoniferol
134,o926,0,45.0,0,Zoniferol
135,d133,0,45.0,0,Zoniferol
136,n630,0,45.0,0,Propriva
137,g989,0,45.0,0,Stelasyn
138,a401,0,45.0,0,Zoniferol
139,w350,0,45.0,0,Propriva
140,c302,0,45.0,0,Zoniferol
141,a897,0,45.0,0,Placebo
142,j235,0,45.0,0,Placebo
143,q787,0,45.0,0,Placebo
144,a262,0,45.0,0,Placebo
145,r850,0,45.0,0,Placebo
146,i669,0,45.0,0,Placebo
147,n763,0,45.0,0,Placebo
148,s152,0,45.0,0,Placebo
149,c766,0,45.0,0,Placebo
150,e227,0,45.0,0,Placebo
151,c282,0,45.0,0,Placebo
152,v989,0,45.0,0,Placebo
153,w140,0,45.0,0,Zoniferol
154,v409,0,45.0,0,Placebo
155,l872,0,45.0,0,Placebo
156,o795,0,45.0,0,Placebo
157,y478,0,45.0,0,Placebo
158,q582,0,45.0,0,Placebo
159,s166,0,45.0,0,Placebo
160,x773,0,45.0,0,Placebo
161,w167,0,45.0,0,Placebo
162,t718,0,45.0,0,Placebo
163,o302,0,45.0,0,Placebo
164,i477,0,45.0,0,Placebo
165,c757,0,45.0,0,Placebo
166,t994,0,45.0,0,Placebo
167,p310,0,45.0,0,Propriva
168,a699,0,45.0,0,Propriva
169,k603,0,45.0,0,Propriva
170,x822,0,45.0,0,Ceftamin
171,l558,0,45.0,0,Ceftamin
172,l733,0,45.0,0,Ceftamin
173,f436,0,45.0,0,Ceftamin
174,l490,0,45.0,0,Ceftamin
175,b759,0,45.0,0,Ceftamin
176,l471,0,45.0,0,Ceftamin
177,y865,0,45.0,0,Ceftamin
178,y769,0,45.0,0,Ceftamin
179,l661,0,45.0,0,Ceftamin
180,j296,0,45.0,0,Ceftamin
181,u149,0,45.0,0,Ceftamin
182,u153,0,45.0,0,Ceftamin
183,w151,0,45.0,0,Ceftamin
184,h531,0,45.0,0,Ceftamin
185,a685,0,45.0,0,Infubinol
186,o813,0,45.0,0,Infubinol
187,m756,0,45.0,0,Infubinol
188,n671,0,45.0,0,Infubinol
189,s121,0,45.0,0,Infubinol
190,v766,0,45.0,0,Infubinol
191,w193,0,45.0,0,Infubinol
192,e476,0,45.0,0,Infubinol
193,w584,0,45.0,0,Infubinol
194,b447,0,45.0,0,Ceftamin
195,k210,0,45.0,0,Ceftamin
196,a275,0,45.0,0,Ceftamin
197,x581,0,45.0,0,Ceftamin
198,n482,0,45.0,0,Propriva
199,t198,0,45.0,0,Propriva
200,l215,0,45.0,0,Propriva
201,s141,0,45.0,0,Propriva
202,o523,0,45.0,0,Propriva
203,i635,0,45.0,0,Propriva
204,w746,0,45.0,0,Propriva
205,r107,0,45.0,0,Propriva
206,s187,0,45.0,0,Propriva
207,g570,0,45.0,0,Propriva
208,x209,0,45.0,0,Propriva
209,x111,0,45.0,0,Propriva
210,z435,0,45.0,0,Propriva
211,n678,0,45.0,0,Propriva
212,g558,0,45.0,0,Propriva
213,u946,0,45.0,0,Propriva
214,o562,0,45.0,0,Propriva
215,v991,0,45.0,0,Propriva
216,c927,0,45.0,0,Propriva
217,x226,0,45.0,0,Ceftamin
218,p438,0,45.0,0,Ceftamin
219,b487,0,45.0,0,Ceftamin
220,o287,0,45.0,0,Ceftamin
221,q483,0,45.0,0,Ceftamin
222,t573,0,45.0,0,Ceftamin
223,f345,0,45.0,0,Infubinol
224,i334,0,45.0,0,Ramicane
225,l264,0,45.0,0,Ketapril
226,j246,0,45.0,0,Capomulin
227,r554,0,45.0,0,Capomulin
228,s185,0,45.0,0,Capomulin
229,b742,0,45.0,0,Capomulin
230,x401,0,45.0,0,Capomulin
231,l509,0,45.0,0,Capomulin
232,s710,0,45.0,0,Capomulin
233,r157,0,45.0,0,Capomulin
234,u364,0,45.0,0,Capomulin
235,j119,0,45.0,0,Capomulin
236,v923,0,45.0,0,Capomulin
237,w914,0,45.0,0,Capomulin
238,i738,0,45.0,0,Capomulin
239,r944,0,45.0,0,Capomulin
240,y793,0,45.0,0,Capomulin
241,g316,0,45.0,0,Capomulin
242,g288,0,45.0,0,Capomulin
243,l897,0,45.0,0,Capomulin
244,w150,0,45.0,0,Capomulin
245,t565,0,45.0,0,Capomulin
246,i557,0,45.0,0,Capomulin
247,m957,0,45.0,0,Capomulin
248,f966,0,45.0,0,Capomulin
249,m601,0,45.0,0,Capomulin
250,a275,5,46.795257280600005,0,Ceftamin
251,w575,5,48.9138597737,1,Zoniferol
252,x822,5,45.671104424700005,1,Ceftamin
253,l509,5,45.8511928534,0,Capomulin
254,n304,5,46.431216293199995,0,Naftisol
255,d164,5,46.617670614,0,Zoniferol
256,l897,5,45.462243267299996,0,Capomulin
257,l558,5,45.809088816199996,0,Ceftamin
258,g296,5,46.593233366499994,0,Zoniferol
259,c458,5,45.7222794933,0,Ramicane
260,a401,5,46.1119859138,0,Zoniferol
261,l700,5,45.918371650699996,0,Naftisol
262,f234,5,47.3134906249,0,Stelasyn
263,x613,5,46.0970405801,0,Zoniferol
264,u149,5,45.7920679201,0,Ceftamin
265,k210,5,47.918997705600006,0,Ceftamin
266,x402,5,46.327570271099994,1,Stelasyn
267,q610,5,45.6294942066,0,Ramicane
268,x581,5,47.1969265953,0,Ceftamin
269,a492,5,46.40914338899999,0,Stelasyn
270,m133,5,46.621301269700005,0,Naftisol
271,l725,5,48.7363188117,1,Naftisol
272,q633,5,47.1838021471,0,Zoniferol
273,f129,5,47.0005939912,0,Zoniferol
274,q483,5,46.7768162388,1,Ceftamin
275,a444,5,44.0059748662,0,Ramicane
276,v835,5,47.1560107135,0,Naftisol
277,r604,5,47.067744482399995,1,Naftisol
278,f394,5,47.0330996326,0,Zoniferol
279,y865,5,46.7350059228,1,Ceftamin
280,d251,5,41.746354951,1,Ramicane
281,b313,5,47.154432544799995,0,Zoniferol
282,y769,5,46.4226517593,1,Ceftamin
283,z234,5,46.129357058500005,1,Naftisol
284,b559,5,47.409897307,0,Naftisol
285,f993,5,46.3957596587,0,Naftisol
286,q119,5,47.864440003199995,0,Ketapril
287,j989,5,45.6207183526,1,Ramicane
288,w150,5,39.2021289432,0,Capomulin
289,n923,5,45.8248809938,0,Ketapril
290,y449,5,45.8775449377,0,Ramicane
291,l661,5,46.2687990432,0,Ceftamin
292,c302,5,47.690679858500005,1,Zoniferol
293,c264,5,45.79170389350001,0,Zoniferol
294,l471,5,46.251872037700004,0,Ceftamin
295,x930,5,46.078233754799996,0,Naftisol
296,k754,5,45.727760403699996,0,Zoniferol
297,f436,5,46.3707975921,1,Ceftamin
298,v295,5,46.111817974,1,Naftisol
299,j913,5,44.01490022,0,Ramicane
300,s710,5,43.1809773956,0,Capomulin
301,z969,5,49.3329987284,0,Naftisol
302,k894,5,47.645686743999995,0,Zoniferol
303,l490,5,45.6125391753,1,Ceftamin
304,b759,5,48.0091904896,0,Ceftamin
305,a411,5,45.466677143000005,0,Ramicane
306,f545,5,46.5658126328,0,Zoniferol
307,o725,5,46.88982097939999,0,Naftisol
308,y601,5,48.4750027309,1,Naftisol
309,w914,5,45.893720323900006,0,Capomulin
310,n967,5,46.077191731300005,1,Zoniferol
311,l733,5,46.174226268199995,0,Ceftamin
312,m601,5,41.408591450100005,1,Capomulin
313,b487,5,46.2139773932,0,Ceftamin
314,o287,5,45.5868036213,0,Ceftamin
315,p310,5,46.55853236229999,1,Propriva
316,r107,5,48.513420271499996,0,Propriva
317,s565,5,48.2425521816,0,Stelasyn
318,w350,5,48.232113105,0,Propriva
319,s187,5,47.576717609300005,1,Propriva
320,j984,5,48.4107210949,1,Stelasyn
321,w697,5,48.3018226056,1,Stelasyn
322,j755,5,47.242843570299996,0,Naftisol
323,g570,5,47.6564243575,1,Propriva
324,u364,5,45.760886472799996,1,Capomulin
325,x209,5,46.7542688725,0,Propriva
326,c402,5,49.3426301024,1,Stelasyn
327,b742,5,41.5340970177,0,Capomulin
328,n630,5,46.0990996926,0,Propriva
329,g989,5,48.786801463500005,0,Stelasyn
330,e213,5,45.699250182600004,1,Naftisol
331,a366,5,48.9513677307,0,Stelasyn
332,w746,5,49.4532700546,0,Propriva
333,s141,5,45.8311343446,0,Propriva
334,i901,5,46.493023919399995,0,Stelasyn
335,t198,5,47.461260521999996,0,Propriva
336,b879,5,49.1561562774,1,Stelasyn
337,k603,5,46.042115822700005,0,Propriva
338,o523,5,45.5447000844,0,Propriva
339,v923,5,45.7044343138,0,Capomulin
340,f966,5,38.7964737318,0,Capomulin
341,p387,5,48.6676307472,0,Stelasyn
342,g867,5,46.8807491586,0,Stelasyn
343,i635,5,47.235937153100004,0,Propriva
344,s619,5,46.6022687751,0,Stelasyn
345,a699,5,46.55308985520001,0,Propriva
346,q132,5,46.7163985039,1,Infubinol
347,k862,5,49.2030578603,0,Stelasyn
348,h333,5,45.75172728020001,0,Stelasyn
349,x401,5,45.4737530157,0,Capomulin
350,o926,5,46.7611637314,0,Zoniferol
351,c927,5,46.3518420477,0,Propriva
352,c559,5,46.562637930200005,0,Zoniferol
353,r701,5,46.886971367,0,Naftisol
354,j119,5,45.8389978688,0,Capomulin
355,p438,5,46.82793417680001,0,Ceftamin
356,m269,5,49.0111800953,0,Stelasyn
357,a963,5,46.23350580859999,0,Stelasyn
358,p136,5,49.273970958999996,0,Zoniferol
359,t724,5,46.359258294300005,0,Naftisol
360,g989,5,47.5703920761,0,Stelasyn
361,z314,5,45.934712167,0,Stelasyn
362,a818,5,45.696708639499995,0,Naftisol
363,v764,5,47.0541847448,0,Stelasyn
364,j365,5,46.7112610998,0,Zoniferol
365,i557,5,42.261665299899995,0,Capomulin
366,x264,5,47.0384145045,0,Naftisol
367,v991,5,49.21432799,1,Propriva
368,a788,5,47.0065802437,0,Zoniferol
369,x111,5,46.94101497729999,1,Propriva
370,k510,5,46.6084671022,0,Stelasyn
371,z435,5,47.1159796322,0,Propriva
372,e584,5,45.656978496,0,Naftisol
373,m331,5,45.5230137147,1,Zoniferol
374,n678,5,47.55428428729999,0,Propriva
375,p981,5,47.000627172799994,0,Stelasyn
376,g558,5,46.18874192770001,0,Propriva
377,e291,5,46.1425048634,0,Naftisol
378,q511,5,45.8326537772,0,Zoniferol
379,u946,5,45.991807800100005,1,Propriva
380,z795,5,46.833474934799995,0,Naftisol
381,t451,5,48.0471388219,0,Stelasyn
382,s337,5,46.8498515661,0,Zoniferol
383,o562,5,46.5149501609,1,Propriva
384,w540,5,45.8853703831,1,Stelasyn
385,w140,5,47.71795156060001,0,Zoniferol
386,l215,5,49.481949353199994,1,Propriva
387,y793,5,41.019913149699995,0,Capomulin
388,n763,5,46.0859814231,0,Placebo
389,a203,5,48.508468400699996,0,Infubinol
390,w584,5,46.0519307545,0,Infubinol
391,y163,5,48.284970156199996,0,Infubinol
392,o973,5,46.7178772684,0,Ketapril
393,o795,5,46.760927208000005,1,Placebo
394,w422,5,48.45745927270001,0,Ketapril
395,e662,5,45.8162825207,0,Ramicane
396,g791,5,45.8515306212,0,Ramicane
397,c580,5,46.628454796999996,0,Ketapril
398,e476,5,47.11180112979999,0,Infubinol
399,k483,5,46.6110557083,0,Infubinol
400,y478,5,48.6410781799,1,Placebo
401,i669,5,46.7646682399,1,Placebo
402,d474,5,45.9183522533,0,Ketapril
403,w193,5,45.4938580222,0,Infubinol
404,q582,5,45.9553989471,1,Placebo
405,s166,5,47.1867877757,0,Placebo
406,o331,5,47.0596640836,1,Ketapril
407,k382,5,46.274997348,1,Ketapril
408,k804,5,48.2662036417,0,Infubinol
409,r850,5,46.8629119373,0,Placebo
410,g316,5,44.022752456499994,0,Capomulin
411,v766,5,48.1512509146,1,Infubinol
412,g497,5,48.782068780799996,0,Ketapril
413,a520,5,38.7237069501,0,Ramicane
414,x773,5,45.850830700500005,1,Placebo
415,m550,5,49.0540973629,1,Ketapril
416,t994,5,47.8914870979,0,Placebo
417,n364,5,45.5218747106,0,Ramicane
418,l264,5,46.6687664579,0,Ketapril
419,e227,5,47.238011122799996,0,Placebo
420,c326,5,49.3402031759,0,Infubinol
421,r157,5,45.5970635931,0,Capomulin
422,c766,5,47.3130553707,0,Placebo
423,v719,5,47.1883632534,0,Infubinol
424,w678,5,43.1663726574,0,Ramicane
425,c139,5,48.7531120759,0,Infubinol
426,m546,5,42.9988763811,0,Ramicane
427,v339,5,46.2501121227,0,Infubinol
428,s152,5,47.459052900299994,1,Placebo
429,m650,5,48.5624949203,1,Ketapril
430,c282,5,45.725689726400006,0,Placebo
431,v989,5,48.858134512700005,0,Placebo
432,r944,5,45.7371448423,0,Capomulin
433,r554,5,45.781745793,1,Capomulin
434,c895,5,45.47754399,0,Infubinol
435,v409,5,46.2207964218,0,Placebo
436,u196,5,45.5574644428,1,Ramicane
437,c832,5,48.6854612346,1,Ketapril
438,v289,5,46.204460026999996,0,Ketapril
439,a897,5,45.6911240483,1,Placebo
440,f345,5,45.5911466041,0,Infubinol
441,s508,5,38.7118718494,0,Ramicane
442,a577,5,46.1977199027,1,Infubinol
443,z578,5,42.1887866197,0,Ramicane
444,i177,5,44.0653978295,0,Ramicane
445,a644,5,45.5501575368,0,Ramicane
446,c757,5,47.7832798083,0,Placebo
447,s185,5,43.878495686099996,0,Capomulin
448,i738,5,45.595685269899995,0,Capomulin
449,m756,5,47.0103640056,1,Infubinol
450,o813,5,45.699330877799994,0,Infubinol
451,j246,5,45.6414378763,0,Capomulin
452,a685,5,46.870482556800006,0,Infubinol
453,r811,5,45.62580225399999,0,Ramicane
454,h246,5,49.470417015100004,0,Ketapril
455,q597,5,45.766111039799995,0,Ramicane
456,a251,5,46.9821271904,0,Infubinol
457,q787,5,47.1166158739,0,Placebo
458,c758,5,45.5786783011,0,Ramicane
459,u327,5,45.694188046099995,0,Ketapril
460,t565,5,45.8956472045,0,Capomulin
461,c819,5,45.769248642200004,1,Ketapril
462,o302,5,48.9370118777,0,Placebo
463,h531,5,47.78468180350001,0,Ceftamin
464,i477,5,46.6573847087,0,Placebo
465,w151,5,45.5460759472,1,Ceftamin
466,y260,5,46.79983867,0,Ketapril
467,r921,5,45.56821082850001,0,Ramicane
468,a457,5,47.46289099770001,0,Ketapril
469,j296,5,46.799255907299994,1,Ceftamin
470,w167,5,48.786271943500005,0,Placebo
471,a262,5,48.717568191000005,1,Placebo
472,b128,5,45.6513313083,0,Capomulin
473,n671,5,47.3538893818,0,Infubinol
474,g288,5,45.839399762700005,0,Capomulin
475,v603,5,46.0160059345,0,Ketapril
476,i334,5,41.0205182104,0,Ramicane
477,k403,5,38.8258980681,0,Ramicane
478,p189,5,49.048707041499995,1,Ketapril
479,o809,5,46.8772431606,0,Infubinol
480,g107,5,48.791664955200005,0,Ketapril
481,t718,5,45.9212527234,1,Placebo
482,i386,5,46.853696687399996,1,Infubinol
483,s121,5,45.6356617442,1,Infubinol
484,z581,5,49.273091866,1,Infubinol
485,f278,5,48.1945778805,0,Ketapril
486,j235,5,46.588819783599995,0,Placebo
487,m957,5,45.622381489700004,1,Capomulin
488,e291,10,48.5297412455,1,Naftisol
489,u946,10,46.7305059208,1,Propriva
490,g558,10,50.0947538217,0,Propriva
491,i386,10,49.8615473917,2,Infubinol
492,e584,10,47.2506414788,0,Naftisol
493,o523,10,47.0810859034,1,Propriva
494,i635,10,48.6857560472,1,Propriva
495,b879,10,50.3389458287,1,Stelasyn
496,u327,10,49.2352594778,0,Ketapril
497,n678,10,49.1457086645,1,Propriva
498,r554,10,39.0054934991,2,Capomulin
499,z435,10,48.7106614712,0,Propriva
500,s565,10,52.7775270975,0,Stelasyn
501,g497,10,49.6470864981,0,Ketapril
502,s187,10,48.14635120649999,1,Propriva
503,o809,10,48.6707318029,0,Infubinol
504,z581,10,50.478750159099995,2,Infubinol
505,r107,10,49.1860105163,0,Propriva
506,k804,10,49.471244186199996,0,Infubinol
507,a366,10,53.523990068500005,0,Stelasyn
508,j755,10,48.167060829499995,0,Naftisol
509,g570,10,49.1882316674,1,Propriva
510,d474,10,46.974962972700006,0,Ketapril
511,c832,10,49.8114126213,1,Ketapril
512,x209,10,48.929895429700004,0,Propriva
513,u364,10,46.5684171913,2,Capomulin
514,k483,10,50.2960412296,1,Infubinol
515,o973,10,48.2457904318,0,Ketapril
516,y163,10,49.112399097700006,1,Infubinol
517,e213,10,47.39157120229999,2,Naftisol
518,a251,10,48.5911790054,1,Infubinol
519,p387,10,53.362962941000006,0,Stelasyn
520,v923,10,39.848223284899994,0,Capomulin
521,x111,10,49.1229689833,1,Propriva
522,a577,10,49.509638899399995,1,Infubinol
523,g288,10,46.3040025385,1,Capomulin
524,v603,10,47.830556800699995,0,Ketapril
525,c139,10,49.99295390939999,0,Infubinol
526,j296,10,48.529977621099995,2,Ceftamin
527,o331,10,50.12845481430001,1,Ketapril
528,b759,10,49.1333549892,0,Ceftamin
529,l490,10,47.2596059376,1,Ceftamin
530,z969,10,52.6560814792,1,Naftisol
531,n671,10,51.0393565292,0,Infubinol
532,g107,10,53.435986676400006,0,Ketapril
533,v835,10,48.9659179711,0,Naftisol
534,s710,10,43.6880262658,0,Capomulin
535,s121,10,49.0488347855,1,Infubinol
536,f436,10,48.146977582,2,Ceftamin
537,r604,10,48.7865595745,1,Naftisol
538,l733,10,48.3549515398,0,Ceftamin
539,l509,10,46.7590736347,0,Capomulin
540,y260,10,48.0818067794,1,Ketapril
541,v766,10,50.3631098827,1,Infubinol
542,n304,10,47.201250968400004,0,Naftisol
543,a457,10,49.7834189373,0,Ketapril
544,l558,10,46.7845349065,0,Ceftamin
545,o725,10,48.199451995100006,0,Naftisol
546,c819,10,46.6583952671,1,Ketapril
547,i738,10,43.4210141409,0,Capomulin
548,n923,10,48.791949861499994,1,Ketapril
549,p189,10,51.582161675600005,2,Ketapril
550,q119,10,51.236605572399995,0,Ketapril
551,l661,10,49.6836195618,0,Ceftamin
552,f993,10,48.1853732268,0,Naftisol
553,m957,10,46.4145177047,1,Capomulin
554,h246,10,51.3688621605,1,Ketapril
555,w151,10,46.501476088500006,1,Ceftamin
556,y769,10,48.015162605600004,1,Ceftamin
557,y865,10,49.5227395512,1,Ceftamin
558,b559,10,48.0364320179,0,Naftisol
559,s141,10,47.2356915575,0,Propriva
560,l471,10,48.182063061899996,0,Ceftamin
561,x930,10,50.2606944112,0,Naftisol
562,a685,10,47.664752644,0,Infubinol
563,w193,10,48.3465504575,0,Infubinol
564,x822,10,48.9837166792,1,Ceftamin
565,k382,10,50.180967626400005,1,Ketapril
566,v289,10,48.1334820691,0,Ketapril
567,b487,10,47.66438709810001,0,Ceftamin
568,c895,10,49.779015424499995,0,Infubinol
569,t724,10,50.703899650699995,0,Naftisol
570,j119,10,46.425365507799995,0,Capomulin
571,p438,10,50.5174978917,0,Ceftamin
572,r701,10,49.6545963593,0,Naftisol
573,m650,10,50.9689976283,1,Ketapril
574,i557,10,42.9920765835,0,Capomulin
575,v719,10,51.4970541179,1,Infubinol
576,c927,10,50.965297666800005,1,Propriva
577,x264,10,47.8871276545,1,Naftisol
578,v991,10,52.6449056961,1,Propriva
579,l264,10,50.6595809445,0,Ketapril
580,o562,10,47.1476700217,1,Propriva
581,f345,10,47.2224461932,0,Infubinol
582,a818,10,49.7909194758,0,Naftisol
583,o287,10,47.360200838199994,1,Ceftamin
584,m550,10,50.5480345687,2,Ketapril
585,l700,10,47.013566517700006,1,Naftisol
586,g316,10,44.5020424625,0,Capomulin
587,u149,10,47.4048343929,0,Ceftamin
588,e476,10,49.431685363199996,0,Infubinol
589,k210,10,49.3799323142,0,Ceftamin
590,l725,10,50.8239115379,2,Naftisol
591,a275,10,47.3713432827,0,Ceftamin
592,z795,10,48.030803902399995,0,Naftisol
593,c580,10,47.5701738225,1,Ketapril
594,m133,10,47.5033380291,0,Naftisol
595,w422,10,49.9359702353,0,Ketapril
596,x581,10,49.0670278775,1,Ceftamin
597,v295,10,47.539462157299994,2,Naftisol
598,a203,10,51.852437204,1,Infubinol
599,y793,10,41.6300102575,1,Capomulin
600,q483,10,47.8391004992,1,Ceftamin
601,w584,10,47.29850793600001,0,Infubinol
602,f966,10,35.6244026972,0,Capomulin
603,q132,10,47.9538437692,2,Infubinol
604,m269,10,50.86013006100001,0,Stelasyn
605,w167,10,51.8264096538,0,Placebo
606,m601,10,36.825366635900004,1,Capomulin
607,a492,10,48.432196607600005,0,Stelasyn
608,x773,10,47.18920597100001,2,Placebo
609,a401,10,47.7259374025,1,Zoniferol
610,i177,10,41.0209292412,0,Ramicane
611,s166,10,49.00012467649999,0,Placebo
612,q582,10,47.013575143999994,1,Placebo
613,w540,10,47.4590665763,1,Stelasyn
614,j365,10,48.3493202828,0,Zoniferol
615,v764,10,48.1890006167,1,Stelasyn
616,g791,10,40.1705584752,0,Ramicane
617,y478,10,52.2889340897,1,Placebo
618,l897,10,46.154737213699995,0,Capomulin
619,o795,10,51.1237037021,1,Placebo
620,g989,10,51.7451561314,0,Stelasyn
621,p136,10,50.9078902812,0,Zoniferol
622,t451,10,48.957919057,0,Stelasyn
623,c282,10,48.179506376400006,0,Placebo
624,s337,10,47.8944414988,0,Zoniferol
625,m546,10,43.748223567,0,Ramicane
626,v989,10,52.61468889020001,1,Placebo
627,a788,10,50.1597213166,1,Zoniferol
628,a644,10,46.380712583299996,0,Ramicane
629,v409,10,50.649038422299995,1,Placebo
630,r944,10,46.5442920172,0,Capomulin
631,a963,10,47.1505220053,0,Stelasyn
632,t994,10,52.614163499200004,1,Placebo
633,c559,10,47.2932601213,0,Zoniferol
634,a520,10,36.4293878059,0,Ramicane
635,a444,10,44.512559514799996,0,Ramicane
636,u196,10,46.4229430611,1,Ramicane
637,e227,10,51.3497570463,1,Placebo
638,f129,10,48.1797190801,1,Zoniferol
639,t718,10,46.39268804859999,1,Placebo
640,n967,10,47.471723269799995,1,Zoniferol
641,d251,10,42.432257913200004,1,Ramicane
642,b313,10,48.3193721835,1,Zoniferol
643,f545,10,51.0725122479,0,Zoniferol
644,a411,10,40.759787622800005,1,Ramicane
645,w914,10,43.2319627458,0,Capomulin
646,c302,10,48.5335670388,1,Zoniferol
647,j989,10,46.3438323743,1,Ramicane
648,k894,10,49.2728701133,1,Zoniferol
649,y449,10,46.3780924822,0,Ramicane
650,w150,10,39.9523466857,0,Capomulin
651,j913,10,44.497162163999995,0,Ramicane
652,a897,10,47.972927076800005,1,Placebo
653,k754,10,49.746116661,0,Zoniferol
654,k403,10,35.014271464000004,1,Ramicane
655,c757,10,49.219316685200006,0,Placebo
656,g296,10,48.2695086075,0,Zoniferol
657,r921,10,42.7119269415,0,Ramicane
658,q633,10,49.0018655887,0,Zoniferol
659,t565,10,46.7490055228,0,Capomulin
660,r811,10,39.453902997,0,Ramicane
661,f234,10,47.90432375140001,0,Stelasyn
662,x613,10,46.8181759016,0,Zoniferol
663,x402,10,46.886962488100004,1,Stelasyn
664,o302,10,49.7014498925,0,Placebo
665,w575,10,50.1359554709,1,Zoniferol
666,c458,10,44.45437828479999,1,Ramicane
667,i477,10,47.5206320557,0,Placebo
668,c758,10,46.2879922276,0,Ramicane
669,d164,10,47.4746446813,1,Zoniferol
670,q610,10,44.9914847141,0,Ramicane
671,s185,10,37.6149476787,0,Capomulin
672,q511,10,50.3116468696,0,Zoniferol
673,c264,10,49.0265919617,0,Zoniferol
674,k862,10,50.5235500683,1,Stelasyn
675,n763,10,46.817315262600005,1,Placebo
676,h333,10,46.233844138900004,1,Stelasyn
677,c402,10,50.5668941174,1,Stelasyn
678,q787,10,48.5938623364,1,Placebo
679,b128,10,43.2708519028,0,Capomulin
680,g867,10,48.1834016703,0,Stelasyn
681,g989,10,49.8805278017,0,Stelasyn
682,b742,10,41.9992281339,0,Capomulin
683,e662,10,46.4090838477,0,Ramicane
684,i669,10,48.2816334005,1,Placebo
685,a699,10,47.8673756864,0,Propriva
686,q597,10,42.5379859779,0,Ramicane
687,j984,10,50.14108401399999,1,Stelasyn
688,a262,10,49.5951812923,1,Placebo
689,w350,10,48.899552379700005,0,Propriva
690,n364,10,40.3751381982,0,Ramicane
691,z578,10,42.9521184289,0,Ramicane
692,w697,10,48.9250560049,2,Stelasyn
693,p310,10,48.6656066817,1,Propriva
694,k603,10,46.6069467587,0,Propriva
695,k510,10,47.658249795500005,1,Stelasyn
696,r850,10,48.515090853800004,1,Placebo
697,j235,10,48.018787924399994,1,Placebo
698,i901,10,50.4212498188,0,Stelasyn
699,s152,10,52.18164420350001,2,Placebo
700,o926,10,47.565673635900005,1,Zoniferol
701,m331,10,47.646877348800004,1,Zoniferol
702,x401,10,39.113890678800004,0,Capomulin
703,l215,10,53.6539695982,1,Propriva
704,j246,10,46.4083612964,0,Capomulin
705,s508,10,34.850997904699994,0,Ramicane
706,p981,10,47.5458458532,0,Stelasyn
707,i334,10,41.631247305900004,0,Ramicane
708,r157,10,46.059608267,0,Capomulin
709,t198,10,49.0008097751,1,Propriva
710,c766,10,49.5002709847,1,Placebo
711,q597,15,41.3956603602,0,Ramicane
712,l661,15,50.9475448381,1,Ceftamin
713,y769,15,52.761021138400004,2,Ceftamin
714,s185,15,38.1772319541,0,Capomulin
715,d251,15,39.4727874418,1,Ramicane
716,y865,15,50.8065185581,1,Ceftamin
717,a685,15,48.951474422,0,Infubinol
718,a262,15,53.82797367479999,2,Placebo
719,b128,15,43.784893429600004,0,Capomulin
720,r811,15,40.0222923465,0,Ramicane
721,z581,15,51.196304201400004,2,Infubinol
722,c819,15,48.3709991154,1,Ketapril
723,r850,15,50.218604692,1,Placebo
724,b559,15,51.3788622899,0,Naftisol
725,c264,15,53.6649416525,1,Zoniferol
726,o302,15,51.381488855,0,Placebo
727,g288,15,42.1723007862,1,Capomulin
728,h246,15,56.1843270149,1,Ketapril
729,a251,15,50.5344560313,1,Infubinol
730,c757,15,51.5326030045,0,Placebo
731,j989,15,41.1283543948,1,Ramicane
732,i334,15,39.1580011524,0,Ramicane
733,f993,15,49.1069747343,1,Naftisol
734,y449,15,44.1834509224,0,Ramicane
735,i738,15,37.978777818000005,0,Capomulin
736,i386,15,51.7365608832,2,Infubinol
737,u327,15,50.6599643742,0,Ketapril
738,q787,15,49.2177324345,2,Placebo
739,n923,15,51.7387062263,1,Ketapril
740,c758,15,46.94094512149999,1,Ramicane
741,c302,15,52.71663458890001,2,Zoniferol
742,q132,15,49.159748620500004,3,Infubinol
743,n671,15,54.216064105200005,0,Infubinol
744,a897,15,52.3430852455,2,Placebo
745,k403,15,34.2239917444,1,Ramicane
746,b313,15,49.188387346899994,1,Zoniferol
747,p189,15,53.6755415046,2,Ketapril
748,m957,15,39.8044534147,1,Capomulin
749,w151,15,47.2429286461,1,Ceftamin
750,v603,15,52.1029474359,0,Ketapril
751,j296,15,50.7012795885,2,Ceftamin
752,o331,15,54.789767686800005,1,Ketapril
753,a644,15,46.9108916644,0,Ramicane
754,o809,15,49.68344504,1,Infubinol
755,n763,15,47.7980996091,1,Placebo
756,w422,15,52.2463098495,0,Ketapril
757,o795,15,55.8863379287,2,Placebo
758,a203,15,52.77787049770001,1,Infubinol
759,a520,15,35.5902540041,0,Ramicane
760,y163,15,51.523068431700004,1,Infubinol
761,r944,15,47.37342325109999,0,Capomulin
762,m550,15,51.166065441499995,3,Ketapril
763,f345,15,48.352238540500004,0,Infubinol
764,s152,15,57.22498063689999,2,Placebo
765,t994,15,53.4586388685,1,Placebo
766,c895,15,52.949464741499995,1,Infubinol
767,y793,15,42.283665123,1,Capomulin
768,u196,15,47.2271706546,1,Ramicane
769,c832,15,52.8645344875,1,Ketapril
770,s508,15,35.276906340500005,0,Ramicane
771,m546,15,39.8974353259,0,Ramicane
772,a577,15,50.915006624499995,2,Infubinol
773,m650,15,53.149559331099994,1,Ketapril
774,v719,15,52.609107575799996,1,Infubinol
775,c766,15,50.5966332487,2,Placebo
776,c282,15,49.2660787336,0,Placebo
777,j235,15,51.1611381503,1,Placebo
778,e227,15,52.8339419644,1,Placebo
779,c139,15,51.8332246013,0,Infubinol
780,n364,15,36.940273989699996,0,Ramicane
781,v289,15,52.6021656439,0,Ketapril
782,r921,15,43.5272605378,0,Ramicane
783,y478,15,53.610405845,1,Placebo
784,c580,15,51.991708001800006,1,Ketapril
785,t565,15,44.440948608599996,0,Capomulin
786,g497,15,53.646168043500005,1,Ketapril
787,t718,15,48.0851255155,1,Placebo
788,g107,15,58.1355448458,0,Ketapril
789,s121,15,50.824560307700004,2,Infubinol
790,z578,15,38.6885160717,0,Ramicane
791,j246,15,43.3126541493,0,Capomulin
792,k804,15,50.477618236800005,0,Infubinol
793,w167,15,53.9004890913,0,Placebo
794,d474,15,47.7779358439,0,Ketapril
795,y260,15,50.1961522424,2,Ketapril
796,v766,15,51.5424305838,1,Infubinol
797,w584,15,51.26543971,0,Infubinol
798,x773,15,47.671235576099996,3,Placebo
799,i669,15,48.857600704,1,Placebo
800,i177,15,40.3309347927,0,Ramicane
801,r157,15,46.539206172,0,Capomulin
802,k382,15,54.42916821359999,1,Ketapril
803,k483,15,53.2444581257,1,Infubinol
804,q582,15,48.322640182200004,2,Placebo
805,e476,15,54.0462126734,0,Infubinol
806,g791,15,40.6781285242,0,Ramicane
807,g316,15,45.21674299439999,0,Capomulin
808,r554,15,35.463757627199996,2,Capomulin
809,o973,15,49.871935818500006,0,Ketapril
810,e662,15,43.5537733856,0,Ramicane
811,w193,15,49.385573728999994,0,Infubinol
812,s141,15,49.2323453829,1,Propriva
813,n967,15,49.8250036162,1,Zoniferol
814,p438,15,52.1983681772,0,Ceftamin
815,g989,15,51.3258520692,1,Stelasyn
816,b487,15,51.6832558567,0,Ceftamin
817,g570,15,52.68269539520001,1,Propriva
818,j119,15,47.322984279799996,0,Capomulin
819,j755,15,51.4539739071,0,Naftisol
820,v764,15,49.4126241794,2,Stelasyn
821,a818,15,51.227565649700004,0,Naftisol
822,o287,15,48.6794526075,1,Ceftamin
823,w540,15,48.2501463553,2,Stelasyn
824,w350,15,50.8546323041,1,Propriva
825,q483,15,48.4684825962,1,Ceftamin
826,j365,15,49.588263358199995,0,Zoniferol
827,j984,15,51.166756873100006,1,Stelasyn
828,v295,15,50.6660539088,2,Naftisol
829,s187,15,52.08163224689999,1,Propriva
830,a401,15,49.934725416599996,1,Zoniferol
831,x581,15,49.746427444300004,2,Ceftamin
832,a492,15,51.9852629008,0,Stelasyn
833,e291,15,49.3484262002,1,Naftisol
834,a275,15,49.7344035867,0,Ceftamin
835,f129,15,49.988302463500006,1,Zoniferol
836,s565,15,54.328316635,1,Stelasyn
837,x402,15,49.1199478021,1,Stelasyn
838,l725,15,54.24456268310001,2,Naftisol
839,b742,15,39.5248430117,0,Capomulin
840,t724,15,55.584617236499994,0,Naftisol
841,k210,15,51.073557516,0,Ceftamin
842,p136,15,51.9914161632,1,Zoniferol
843,m269,15,55.9053435986,0,Stelasyn
844,q511,15,52.1330813859,0,Zoniferol
845,u946,15,47.6730292145,1,Propriva
846,x401,15,39.7762500318,0,Capomulin
847,g558,15,51.007258002,0,Propriva
848,t451,15,49.652787722700005,0,Stelasyn
849,z795,15,49.3681318879,1,Naftisol
850,o562,15,51.505085505299995,1,Propriva
851,s337,15,48.5715158185,0,Zoniferol
852,v991,15,54.5885909999,1,Propriva
853,a788,15,52.539949263800004,1,Zoniferol
854,a963,15,47.8368521776,0,Stelasyn
855,x264,15,50.0023140274,1,Naftisol
856,e584,15,48.4304105275,1,Naftisol
857,c927,15,53.266430869,1,Propriva
858,p981,15,49.6577097279,0,Stelasyn
859,o926,15,48.254248392799994,1,Zoniferol
860,i557,15,43.5298757037,0,Capomulin
861,c559,15,51.414903580200004,1,Zoniferol
862,u364,15,47.212199924,2,Capomulin
863,r701,15,52.4848044296,0,Naftisol
864,l897,15,44.0615213987,0,Capomulin
865,k510,15,49.6870516988,1,Stelasyn
866,e213,15,51.791695296099995,2,Naftisol
867,h333,15,50.692603580299995,2,Stelasyn
868,c402,15,52.2307194355,1,Stelasyn
869,g989,15,53.442019761000005,0,Stelasyn
870,m601,15,35.464611749,1,Capomulin
871,m133,15,48.6652074029,1,Naftisol
872,m331,15,52.1100875766,1,Zoniferol
873,w914,15,43.688448926599996,0,Capomulin
874,s710,15,41.845235362800004,0,Capomulin
875,a699,15,49.530401373400004,0,Propriva
876,g296,15,49.6532440363,1,Zoniferol
877,a411,15,41.4841688531,1,Ramicane
878,b879,15,51.6183865728,1,Stelasyn
879,p387,15,55.2513803256,0,Stelasyn
880,r604,15,51.0745207273,1,Naftisol
881,l509,15,47.4885993127,1,Capomulin
882,f436,15,48.722077849399994,2,Ceftamin
883,u149,15,48.5223734258,0,Ceftamin
884,b759,15,51.587799059700004,0,Ceftamin
885,g867,15,51.0604192395,1,Stelasyn
886,k603,15,48.7752854973,0,Propriva
887,i635,15,49.536897745699996,1,Propriva
888,k862,15,54.4745336208,1,Stelasyn
889,k754,15,51.3235699401,0,Zoniferol
890,j913,15,45.2525342738,0,Ramicane
891,v835,15,50.5452064621,1,Naftisol
892,l490,15,50.5248126764,1,Ceftamin
893,k894,15,49.9877656973,1,Zoniferol
894,l733,15,49.285195035600005,0,Ceftamin
895,f966,15,32.6230025264,0,Capomulin
896,f545,15,53.9455442904,1,Zoniferol
897,o725,15,50.0150790177,1,Naftisol
898,p310,15,49.7707414379,1,Propriva
899,r107,15,53.090335455600005,0,Propriva
900,q633,15,50.5835572966,1,Zoniferol
901,x930,15,51.9737686396,0,Naftisol
902,f234,15,48.7351971444,1,Stelasyn
903,l700,15,49.040225293999995,1,Naftisol
904,a444,15,43.001279573000005,0,Ramicane
905,a366,15,55.265581626899994,0,Stelasyn
906,x822,15,49.694665333900005,1,Ceftamin
907,x613,15,48.077646404700005,0,Zoniferol
908,l471,15,49.406879008599994,0,Ceftamin
909,z969,15,54.713004523900004,2,Naftisol
910,c458,15,45.107423133000005,2,Ramicane
911,q610,15,45.8890275598,0,Ramicane
912,w697,15,52.657265186800004,2,Stelasyn
913,v923,15,40.4579887681,0,Capomulin
914,w575,15,50.8674517572,1,Zoniferol
915,t198,15,49.7811807982,2,Propriva
916,n304,15,48.477978952,0,Naftisol
917,i901,15,51.4196423913,0,Stelasyn
918,u364,20,40.3439481218,2,Capomulin
919,o926,20,51.826638253,2,Zoniferol
920,q132,20,51.909024942799995,4,Infubinol
921,a577,20,52.3651845662,2,Infubinol
922,i386,20,55.0877244473,2,Infubinol
923,t198,20,51.4907399809,3,Propriva
924,g558,20,55.0900969102,1,Propriva
925,c766,20,53.0068646304,3,Placebo
926,u946,20,49.1100496594,1,Propriva
927,p310,20,54.2051805405,1,Propriva
928,s152,20,62.351609445600005,2,Placebo
929,z581,20,51.807944156000005,2,Infubinol
930,f966,20,30.4859848438,0,Capomulin
931,o809,20,50.3365528785,1,Infubinol
932,s187,20,53.744734056300004,1,Propriva
933,b128,20,42.7315519999,0,Capomulin
934,i669,20,50.873690269700006,1,Placebo
935,b742,20,37.950355464,0,Capomulin
936,k804,20,54.484519445100005,0,Infubinol
937,a699,20,50.7124233362,0,Propriva
938,i635,20,51.8770618925,1,Propriva
939,r107,20,55.2638583958,0,Propriva
940,r554,20,36.0155885796,2,Capomulin
941,w350,20,52.1323206066,1,Propriva
942,k603,20,50.180109351000006,0,Propriva
943,a251,20,54.4625937637,1,Infubinol
944,k483,20,54.7789605219,1,Infubinol
945,a262,20,57.01331331,2,Placebo
946,n763,20,49.2581258142,1,Placebo
947,q787,20,50.229934186099996,2,Placebo
948,y163,20,54.57107607060001,1,Infubinol
949,g570,20,54.643295405500005,1,Propriva
950,g989,20,55.3261220232,1,Stelasyn
951,s141,20,51.621645702799995,1,Propriva
952,q511,20,52.6727120546,0,Zoniferol
953,s121,20,52.005065899899996,2,Infubinol
954,t718,20,52.6367000006,2,Placebo
955,k210,20,51.9976185453,0,Ceftamin
956,u149,20,50.3780578929,0,Ceftamin
957,n671,20,54.822520906099996,0,Infubinol
958,o302,20,56.1776114258,0,Placebo
959,q633,20,53.287286808000005,1,Zoniferol
960,x822,20,51.9149096805,2,Ceftamin
961,a685,20,49.490559016999995,0,Infubinol
962,m957,20,38.9093491935,1,Capomulin
963,w575,20,55.591815495,1,Zoniferol
964,l733,20,53.244311567,1,Ceftamin
965,c757,20,52.8186340079,1,Placebo
966,w151,20,49.5542629542,2,Ceftamin
967,g296,20,51.4471183001,2,Zoniferol
968,s185,20,36.8668757626,0,Capomulin
969,a897,20,54.5957054124,3,Placebo
970,c264,20,54.568195702299995,1,Zoniferol
971,f545,20,58.841188880299995,1,Zoniferol
972,y769,20,55.0257243359,2,Ceftamin
973,l471,20,52.2283269846,0,Ceftamin
974,l661,20,52.617490027200006,1,Ceftamin
975,b313,20,53.979679695200005,1,Zoniferol
976,a401,20,52.20451135729999,2,Zoniferol
977,b759,20,54.44303502060001,0,Ceftamin
978,k754,20,52.6934227606,1,Zoniferol
979,c302,20,54.0809083649,3,Zoniferol
980,j296,20,54.005342088999996,3,Ceftamin
981,l490,20,51.9054469916,1,Ceftamin
982,l509,20,48.0704516203,2,Capomulin
983,w914,20,41.108092328000005,0,Capomulin
984,k894,20,50.981639363199996,1,Zoniferol
985,e227,20,56.607552103100005,1,Placebo
986,a275,20,50.513436516999995,1,Ceftamin
987,x581,20,51.2079694323,3,Ceftamin
988,o562,20,53.6168634714,1,Propriva
989,c139,20,56.7420068107,0,Infubinol
990,c282,20,51.9505742324,0,Placebo
991,v719,20,54.0486076896,1,Infubinol
992,v991,20,57.740694589600004,2,Propriva
993,s337,20,49.2020540787,1,Zoniferol
994,c927,20,55.481689223900005,1,Propriva
995,t994,20,56.527951594799994,1,Placebo
996,a788,20,54.0609833167,1,Zoniferol
997,c895,20,53.676839604499996,2,Infubinol
998,l897,20,44.813093430600006,0,Capomulin
999,f345,20,49.6133830266,0,Infubinol
1000,c559,20,52.6043669453,2,Zoniferol
1001,r944,20,43.225671192600004,1,Capomulin
1002,p438,20,52.9052986063,0,Ceftamin
1003,o795,20,60.610059159799995,3,Placebo
1004,y865,20,52.361982411599996,1,Ceftamin
1005,x773,20,49.7397128983,3,Placebo
1006,w193,20,50.005138074499996,0,Infubinol
1007,j365,20,50.939352777399996,1,Zoniferol
1008,q483,20,50.2398558011,1,Ceftamin
1009,j119,20,48.1582093856,1,Capomulin
1010,e476,20,55.249272955100004,0,Infubinol
1011,w167,20,57.548156688999995,0,Placebo
1012,q582,20,51.1859764799,2,Placebo
1013,p136,20,54.9137985665,1,Zoniferol
1014,w584,20,53.3235074308,1,Infubinol
1015,b487,20,53.4276634446,0,Ceftamin
1016,y478,20,56.8488501637,1,Placebo
1017,g316,20,45.933322187899996,1,Capomulin
1018,a203,20,55.173336477700005,1,Infubinol
1019,o287,20,50.8561407771,2,Ceftamin
1020,j246,20,44.020370085500005,0,Capomulin
1021,j235,20,52.942901685699994,1,Placebo
1022,m550,20,53.7579447558,3,Ketapril
1023,a818,20,54.8346244991,0,Naftisol
1024,i901,20,55.9744050244,0,Stelasyn
1025,v923,20,39.6482956778,0,Capomulin
1026,c758,20,43.1263113953,1,Ramicane
1027,v295,20,55.731375354899996,3,Naftisol
1028,k862,20,57.057848183500006,1,Stelasyn
1029,z578,20,36.890016346799996,0,Ramicane
1030,o331,20,58.9657204314,1,Ketapril
1031,g791,20,41.2118970031,0,Ramicane
1032,w697,20,54.2280909812,3,Stelasyn
1033,c819,20,49.7624147548,1,Ketapril
1034,k403,20,32.9977285776,1,Ramicane
1035,m133,20,52.636882487,1,Naftisol
1036,j984,20,54.37251566689999,1,Stelasyn
1037,c832,20,56.7102335288,1,Ketapril
1038,q597,20,41.9255865973,0,Ramicane
1039,t565,20,39.0702137997,0,Capomulin
1040,c402,20,54.883320442700004,2,Stelasyn
1041,h333,20,51.997806181099996,2,Stelasyn
1042,k510,20,52.105573819300005,1,Stelasyn
1043,o973,20,51.9569930962,1,Ketapril
1044,l700,20,50.7347681083,1,Naftisol
1045,p981,20,50.3580694704,0,Stelasyn
1046,m650,20,56.7779387968,2,Ketapril
1047,j989,20,41.6353442608,1,Ramicane
1048,b879,20,53.9834356818,1,Stelasyn
1049,g107,20,62.7060314471,0,Ketapril
1050,a644,20,45.8650646108,0,Ramicane
1051,y793,20,40.7164281529,2,Capomulin
1052,i557,20,43.9678951624,0,Capomulin
1053,e291,20,52.533764786999996,1,Naftisol
1054,c580,20,55.575321945,2,Ketapril
1055,k382,20,57.8243507069,2,Ketapril
1056,w422,20,53.676243359,1,Ketapril
1057,s508,20,35.9286508321,0,Ramicane
1058,e584,20,50.344920952799995,2,Naftisol
1059,x264,20,53.074269727,1,Naftisol
1060,e213,20,52.6137628852,2,Naftisol
1061,r921,20,44.136315884700004,0,Ramicane
1062,j755,20,55.49660752810001,1,Naftisol
1063,e662,20,44.0012957974,0,Ramicane
1064,r701,20,54.114137417799995,0,Naftisol
1065,y260,20,50.7295817393,3,Ketapril
1066,i177,20,35.345361359099996,0,Ramicane
1067,r811,20,40.772802703400004,0,Ramicane
1068,s565,20,57.0461891185,1,Stelasyn
1069,m546,20,36.7122953532,0,Ramicane
1070,a366,20,57.2859874161,0,Stelasyn
1071,t724,20,57.229409142799994,0,Naftisol
1072,p387,20,56.5876167975,0,Stelasyn
1073,v289,20,54.2500539748,0,Ketapril
1074,h246,20,57.9359121766,1,Ketapril
1075,l725,20,59.615154796800006,2,Naftisol
1076,z969,20,57.8987782255,2,Naftisol
1077,w540,20,50.6727274492,2,Stelasyn
1078,i334,20,39.6878316954,0,Ramicane
1079,v835,20,51.296542658999996,2,Naftisol
1080,a444,20,41.714618737100004,0,Ramicane
1081,t451,20,51.063677928999994,0,Stelasyn
1082,a492,20,53.677192528199996,0,Stelasyn
1083,g288,20,42.9571200134,1,Capomulin
1084,x402,20,50.4147504143,2,Stelasyn
1085,n923,20,52.599206108000004,1,Ketapril
1086,i738,20,38.5311363449,0,Capomulin
1087,n364,20,37.4788684978,0,Ramicane
1088,f234,20,51.11271292560001,2,Stelasyn
1089,m601,20,34.2557316964,1,Capomulin
1090,f993,20,52.0795100926,1,Naftisol
1091,c458,20,39.505135082399995,2,Ramicane
1092,u196,20,46.1053630289,1,Ramicane
1093,a411,20,38.0873731814,1,Ramicane
1094,x930,20,52.5560657478,0,Naftisol
1095,u327,20,53.189879068100005,0,Ketapril
1096,q610,20,46.5854334737,0,Ramicane
1097,b559,20,55.654455716899996,1,Naftisol
1098,j913,20,42.168341324699995,0,Ramicane
1099,v603,20,53.7212419313,0,Ketapril
1100,g497,20,55.0969935585,1,Ketapril
1101,z795,20,53.2806571743,1,Naftisol
1102,a520,20,35.9477451367,0,Ramicane
1103,d474,20,51.731494160299995,0,Ketapril
1104,d251,20,37.6520908462,1,Ramicane
1105,s710,20,42.629962657600004,1,Capomulin
1106,r604,20,51.9027529201,1,Naftisol
1107,x401,20,36.065834708000004,0,Capomulin
1108,m269,20,61.1458663804,0,Stelasyn
1109,a963,20,51.4637344829,0,Stelasyn
1110,p189,20,56.5302044709,3,Ketapril
1111,g989,20,54.6576500822,1,Stelasyn
1112,n304,20,49.2533086334,1,Naftisol
1113,u149,25,52.9253484646,0,Ceftamin
1114,x264,25,56.8910528277,2,Naftisol
1115,l725,25,65.008828889,2,Naftisol
1116,i177,25,34.082180303099996,1,Ramicane
1117,l471,25,52.8475589322,1,Ceftamin
1118,r944,25,41.0869910555,1,Capomulin
1119,v295,25,57.6918591767,3,Naftisol
1120,x930,25,53.726101300699995,0,Naftisol
1121,c927,25,56.5455194684,2,Propriva
1122,a520,25,36.5585812854,1,Ramicane
1123,y865,25,57.173538463,2,Ceftamin
1124,b559,25,57.043669290699995,1,Naftisol
1125,m546,25,37.4444454297,0,Ramicane
1126,v991,25,60.016747332799994,2,Propriva
1127,l700,25,54.234501806400004,1,Naftisol
1128,w167,25,61.868576732,0,Placebo
1129,s710,25,43.0604087491,1,Capomulin
1130,n304,25,53.970859244799996,2,Naftisol
1131,k210,25,54.613972794300004,0,Ceftamin
1132,p438,25,54.510574925,0,Ceftamin
1133,x581,25,51.9352831811,3,Ceftamin
1134,q582,25,51.9682105622,2,Placebo
1135,r604,25,52.9368581162,1,Naftisol
1136,j119,25,42.4171658876,1,Capomulin
1137,l490,25,55.810033590799996,2,Ceftamin
1138,q483,25,52.4300664882,1,Ceftamin
1139,a275,25,53.5760641671,1,Ceftamin
1140,a818,25,56.9662733232,0,Naftisol
1141,l733,25,54.951668263500004,1,Ceftamin
1142,o287,25,52.0684864185,3,Ceftamin
1143,z969,25,63.1456521274,2,Naftisol
1144,m133,25,54.0824366171,2,Naftisol
1145,t565,25,37.3422097633,0,Capomulin
1146,l509,25,44.006257018,2,Capomulin
1147,o795,25,65.7417772276,4,Placebo
1148,t724,25,59.826067973,1,Naftisol
1149,b759,25,55.0836323492,0,Ceftamin
1150,b487,25,56.0577490854,1,Ceftamin
1151,u196,25,46.7053253976,1,Ramicane
1152,r701,25,57.89848998,1,Naftisol
1153,y478,25,57.8269759771,1,Placebo
1154,x773,25,51.1044210864,3,Placebo
1155,x822,25,54.0413332582,2,Ceftamin
1156,o809,25,52.3181740669,1,Infubinol
1157,i557,25,44.59621854270001,0,Capomulin
1158,p136,25,56.2814765233,1,Zoniferol
1159,c559,25,54.555441683000005,2,Zoniferol
1160,m269,25,64.8930197554,0,Stelasyn
1161,a788,25,56.7702802971,1,Zoniferol
1162,x401,25,36.617120313499996,0,Capomulin
1163,a963,25,52.1298037405,0,Stelasyn
1164,l897,25,45.3546791646,0,Capomulin
1165,s337,25,50.9706888979,2,Zoniferol
1166,b313,25,55.7451462776,1,Zoniferol
1167,j989,25,39.9341124852,1,Ramicane
1168,q511,25,57.2575828717,0,Zoniferol
1169,t451,25,55.527553445200006,0,Stelasyn
1170,c302,25,55.0762285293,3,Zoniferol
1171,o926,25,54.7633385212,3,Zoniferol
1172,p981,25,52.5447048014,1,Stelasyn
1173,c264,25,56.966768764099996,2,Zoniferol
1174,d251,25,38.0975132842,1,Ramicane
1175,w540,25,52.600269551800004,2,Stelasyn
1176,j365,25,51.810320400600006,1,Zoniferol
1177,j913,25,37.8606693634,0,Ramicane
1178,a411,25,38.7014384033,1,Ramicane
1179,k894,25,52.3258383266,2,Zoniferol
1180,g296,25,55.6701066045,3,Zoniferol
1181,w914,25,40.2919166099,0,Capomulin
1182,q610,25,40.146450191599996,0,Ramicane
1183,w575,25,58.5873216927,1,Zoniferol
1184,h333,25,53.7309143434,2,Stelasyn
1185,m601,25,33.1187560745,1,Capomulin
1186,q633,25,55.6831017,1,Zoniferol
1187,f234,25,52.178602209,2,Stelasyn
1188,f545,25,60.2534813862,1,Zoniferol
1189,x402,25,52.4317366358,2,Stelasyn
1190,a401,25,54.2098355061,3,Zoniferol
1191,a492,25,54.70122868399999,1,Stelasyn
1192,a444,25,42.2913943669,0,Ramicane
1193,c458,25,37.7531496418,2,Ramicane
1194,z795,25,57.9470998402,2,Naftisol
1195,g989,25,56.0455635335,1,Stelasyn
1196,s185,25,33.9499403692,0,Capomulin
1197,a366,25,59.0117281702,0,Stelasyn
1198,s187,25,56.4852198404,1,Propriva
1199,s565,25,58.5536107924,1,Stelasyn
1200,r921,25,42.655340893099996,1,Ramicane
1201,o302,25,60.517102525,0,Placebo
1202,g570,25,56.8494055954,1,Propriva
1203,j755,25,58.055818216400006,1,Naftisol
1204,e213,25,55.224476148,2,Naftisol
1205,t718,25,55.876587873999995,3,Placebo
1206,u364,25,35.5036155664,2,Capomulin
1207,g558,25,55.754082566,2,Propriva
1208,e584,25,51.3864190841,2,Naftisol
1209,e291,25,55.1389525025,2,Naftisol
1210,a644,25,41.481224077600004,0,Ramicane
1211,o562,25,54.742733155500005,1,Propriva
1212,r811,25,37.6140106808,0,Ramicane
1213,r107,25,57.70666715390001,1,Propriva
1214,p387,25,58.098489458500005,0,Stelasyn
1215,i635,25,52.9288232312,1,Propriva
1216,w350,25,52.8059151802,1,Propriva
1217,k403,25,33.4645773532,1,Ramicane
1218,j984,25,57.0643547939,1,Stelasyn
1219,p310,25,55.3418341569,2,Propriva
1220,a897,25,56.4133197742,3,Placebo
1221,a699,25,51.8463814709,0,Propriva
1222,w697,25,57.610394297,3,Stelasyn
1223,c402,25,58.269888527,2,Stelasyn
1224,b742,25,38.617684334699995,0,Capomulin
1225,k862,25,58.719297297299995,2,Stelasyn
1226,t198,25,56.184663987,3,Propriva
1227,c758,25,43.602267302600005,1,Ramicane
1228,c757,25,57.106418205,2,Placebo
1229,s141,25,53.8043703838,1,Propriva
1230,i901,25,56.5751949982,0,Stelasyn
1231,b879,25,56.4699874382,2,Stelasyn
1232,v923,25,40.1564126858,1,Capomulin
1233,y769,25,58.3359590128,3,Ceftamin
1234,g791,25,35.5693993504,1,Ramicane
1235,c282,25,56.292200388000005,1,Placebo
1236,s121,25,55.65068131899999,2,Infubinol
1237,g107,25,64.6636257923,0,Ketapril
1238,k804,25,55.6748079834,1,Infubinol
1239,w151,25,51.8690586965,2,Ceftamin
1240,d474,25,54.2793246201,0,Ketapril
1241,e227,25,60.600291685600006,1,Placebo
1242,m550,25,57.620682368999994,4,Ketapril
1243,r554,25,33.893345148499996,3,Capomulin
1244,f345,25,53.078894402799996,0,Infubinol
1245,c139,25,61.4619697626,0,Infubinol
1246,g288,25,42.368692385,1,Capomulin
1247,p189,25,62.108959561300004,3,Ketapril
1248,g497,25,57.524446106199996,2,Ketapril
1249,g316,25,46.8092246925,1,Capomulin
1250,y260,25,54.437561723,4,Ketapril
1251,c895,25,57.5341928813,2,Infubinol
1252,i334,25,38.2488173201,1,Ramicane
1253,h246,25,59.5488536968,1,Ketapril
1254,k483,25,57.4320073076,2,Infubinol
1255,z578,25,37.4141141905,0,Ramicane
1256,c766,25,58.214624371999996,3,Placebo
1257,a577,25,54.38093153810001,2,Infubinol
1258,c819,25,51.8283570592,1,Ketapril
1259,q597,25,42.5757070942,1,Ramicane
1260,c832,25,58.8918164429,2,Ketapril
1261,i669,25,53.3031845548,2,Placebo
1262,a685,25,51.93995092270001,0,Infubinol
1263,a262,25,60.1318621679,2,Placebo
1264,m650,25,62.2535969021,2,Ketapril
1265,y163,25,56.1763845158,1,Infubinol
1266,n671,25,56.174457851099994,0,Infubinol
1267,v289,25,56.7200954451,0,Ketapril
1268,b128,25,43.262144827700006,1,Capomulin
1269,m957,25,37.695431538200005,1,Capomulin
1270,o973,25,53.179814707700004,1,Ketapril
1271,n763,25,53.4058705293,2,Placebo
1272,o331,25,61.102305748199996,1,Ketapril
1273,j296,25,55.76714817,3,Ceftamin
1274,q132,25,52.780489297200006,4,Infubinol
1275,w584,25,55.6508379117,1,Infubinol
1276,j246,25,44.5552259519,0,Capomulin
1277,e476,25,57.4086380039,0,Infubinol
1278,c580,25,56.2890623117,2,Ketapril
1279,u327,25,56.0596340925,0,Ketapril
1280,i386,25,56.68786391770001,3,Infubinol
1281,s152,25,64.1191421308,2,Placebo
1282,w422,25,56.9579171512,2,Ketapril
1283,v603,25,56.0752300146,1,Ketapril
1284,a251,25,57.4146456985,1,Infubinol
1285,l661,25,53.180656782700005,2,Ceftamin
1286,k382,25,59.503903917799995,3,Ketapril
1287,i738,25,34.9734376085,0,Capomulin
1288,n923,25,56.85546497520001,2,Ketapril
1289,e662,25,44.6645943219,1,Ramicane
1290,n364,25,33.2050082421,0,Ramicane
1291,q787,25,52.713187855200005,2,Placebo
1292,y793,25,38.992733904,2,Capomulin
1293,z581,25,54.3164068167,2,Infubinol
1294,s508,25,36.3385689369,0,Ramicane
1295,a203,25,56.7932083242,1,Infubinol
1296,m650,30,64.90188754729999,3,Ketapril
1297,n763,30,55.41365960979999,3,Placebo
1298,z578,30,37.8159348669,0,Ramicane
1299,c758,30,44.1182702761,1,Ramicane
1300,v923,30,40.7522162629,2,Capomulin
1301,k862,30,60.605439789799995,3,Stelasyn
1302,g570,30,60.3287170509,1,Propriva
1303,e584,30,54.9844076668,3,Naftisol
1304,t198,30,56.9249743083,3,Propriva
1305,s141,30,55.841410065,1,Propriva
1306,c139,30,64.1498707741,1,Infubinol
1307,w422,30,60.0966346716,3,Ketapril
1308,b742,30,39.1679494956,0,Capomulin
1309,i557,30,45.2613838113,0,Capomulin
1310,u364,30,35.9783343964,2,Capomulin
1311,g316,30,44.221479879600004,2,Capomulin
1312,r921,30,43.4193807663,1,Ramicane
1313,m550,30,60.8565427184,4,Ketapril
1314,e213,30,56.458728642299995,3,Naftisol
1315,a203,30,59.5231972822,1,Infubinol
1316,a644,30,37.2111206315,0,Ramicane
1317,j755,30,60.0072097835,1,Naftisol
1318,r107,30,58.406472558500006,1,Propriva
1319,p387,30,63.2692455226,0,Stelasyn
1320,c895,30,60.9697113308,2,Infubinol
1321,r811,30,38.242066388699996,0,Ramicane
1322,c580,30,58.0465694091,3,Ketapril
1323,f345,30,54.3637973094,1,Infubinol
1324,o302,30,62.03059364479999,1,Placebo
1325,e662,30,45.350232415600004,1,Ramicane
1326,b879,30,60.9076148061,2,Stelasyn
1327,s565,30,63.6689667821,1,Stelasyn
1328,t718,30,57.7041137204,3,Placebo
1329,g558,30,58.9528291072,3,Propriva
1330,c757,30,60.0985718432,2,Placebo
1331,i901,30,60.5918575471,0,Stelasyn
1332,i635,30,53.5970381963,2,Propriva
1333,s187,30,60.00878262649999,2,Propriva
1334,c402,30,63.7431942843,2,Stelasyn
1335,a699,30,54.37934505,0,Propriva
1336,c264,30,57.823915560699994,2,Zoniferol
1337,p136,30,57.0528054555,1,Zoniferol
1338,g497,30,61.1081859982,2,Ketapril
1339,d251,30,38.718256383800004,2,Ramicane
1340,r554,30,32.6806545885,3,Capomulin
1341,j365,30,54.4048817649,1,Zoniferol
1342,z581,30,56.2867499051,2,Infubinol
1343,a492,30,56.201041043500005,1,Stelasyn
1344,a444,30,42.786278345700005,0,Ramicane
1345,q787,30,55.0362062491,2,Placebo
1346,a401,30,55.9101615864,3,Zoniferol
1347,f545,30,65.8939860721,1,Zoniferol
1348,x402,30,54.3515846335,3,Stelasyn
1349,f234,30,56.873816543100006,2,Stelasyn
1350,a251,30,59.8612412853,1,Infubinol
1351,q633,30,58.0572525749,1,Zoniferol
1352,c458,30,38.342008229899996,2,Ramicane
1353,v603,30,57.99055377609999,1,Ketapril
1354,j246,30,38.044082019,1,Capomulin
1355,w575,30,60.1530652379,1,Zoniferol
1356,w914,30,40.99311013,0,Capomulin
1357,q610,30,40.6683425615,1,Ramicane
1358,i386,30,59.1336402878,3,Infubinol
1359,m601,30,31.758274905100002,1,Capomulin
1360,k894,30,54.400122789300006,3,Zoniferol
1361,u327,30,57.3140723863,0,Ketapril
1362,g296,30,57.997706416599996,3,Zoniferol
1363,j913,30,34.7572404559,0,Ramicane
1364,q132,30,54.65654872100001,4,Infubinol
1365,i334,30,39.0055543531,1,Ramicane
1366,x401,30,32.915291864000004,0,Capomulin
1367,o809,30,54.832628797299996,1,Infubinol
1368,c559,30,57.146143883,2,Zoniferol
1369,o331,30,66.3306634729,1,Ketapril
1370,a897,30,59.9169344271,3,Placebo
1371,a577,30,57.0318618675,2,Infubinol
1372,j984,30,61.2405057258,1,Stelasyn
1373,q597,30,43.339161229300004,1,Ramicane
1374,k403,30,31.0994975278,1,Ramicane
1375,w350,30,55.8799089617,1,Propriva
1376,c832,30,60.4963757866,2,Ketapril
1377,s185,30,32.959670775999996,1,Capomulin
1378,w584,30,58.2684424837,1,Infubinol
1379,y163,30,59.41253724,2,Infubinol
1380,g989,30,59.0822939412,1,Stelasyn
1381,h333,30,55.4552897489,2,Stelasyn
1382,a262,30,64.9580917839,3,Placebo
1383,w697,30,60.7206359101,3,Stelasyn
1384,p981,30,56.3391043173,1,Stelasyn
1385,c302,30,57.419743886999996,3,Zoniferol
1386,t451,30,59.2758226844,0,Stelasyn
1387,k483,30,59.747077081899995,2,Infubinol
1388,q511,30,59.364353504499995,1,Zoniferol
1389,o973,30,57.7699595186,1,Ketapril
1390,l897,30,39.3527920101,1,Capomulin
1391,j989,30,34.6717810711,1,Ramicane
1392,g288,30,42.8744605586,1,Capomulin
1393,s337,30,52.747717676099995,3,Zoniferol
1394,a963,30,53.4016673771,1,Stelasyn
1395,k804,30,59.24061511359999,2,Infubinol
1396,d474,30,55.3413415734,0,Ketapril
1397,a788,30,60.4137090758,1,Zoniferol
1398,m269,30,67.71250988220001,1,Stelasyn
1399,o926,30,56.9173983838,3,Zoniferol
1400,b128,30,40.6053348648,1,Capomulin
1401,a366,30,63.440686273599994,1,Stelasyn
1402,r701,30,60.3418187213,1,Naftisol
1403,m957,30,38.2124793925,1,Capomulin
1404,v295,30,59.3337720245,3,Naftisol
1405,b759,30,55.742828691899994,1,Ceftamin
1406,n364,30,33.8177579986,0,Ramicane
1407,z969,30,65.8410127448,3,Naftisol
1408,w151,30,56.7671582075,2,Ceftamin
1409,l700,30,56.6532149954,1,Naftisol
1410,o287,30,54.5030012211,3,Ceftamin
1411,t724,30,64.2345946982,2,Naftisol
1412,r944,30,41.680791107,1,Capomulin
1413,x773,30,52.813115177,4,Placebo
1414,l509,30,44.708054732600004,2,Capomulin
1415,a275,30,54.4447131688,2,Ceftamin
1416,g107,30,69.1605198228,0,Ketapril
1417,s508,30,35.4740223478,0,Ramicane
1418,l471,30,58.0936044633,1,Ceftamin
1419,u196,30,47.622816356,2,Ramicane
1420,p438,30,56.4064217341,0,Ceftamin
1421,j296,30,56.803061207,3,Ceftamin
1422,n923,30,59.632560523100004,3,Ketapril
1423,a411,30,39.1307372379,1,Ramicane
1424,l733,30,56.3190653669,1,Ceftamin
1425,p189,30,67.1045366507,4,Ketapril
1426,n304,30,55.0390198529,3,Naftisol
1427,q582,30,52.64889349560001,2,Placebo
1428,g791,30,34.952582842300004,1,Ramicane
1429,n671,30,60.1651804559,0,Infubinol
1430,e227,30,62.4643851526,2,Placebo
1431,o795,30,68.2170697425,4,Placebo
1432,r604,30,54.688215356,2,Naftisol
1433,x581,30,55.4928260178,3,Ceftamin
1434,c819,30,56.0989981962,1,Ketapril
1435,l490,30,57.918381316499996,3,Ceftamin
1436,a818,30,60.0723719791,0,Naftisol
1437,c766,30,60.2559244984,3,Placebo
1438,l725,30,66.5995451484,3,Naftisol
1439,q483,30,54.952225851,1,Ceftamin
1440,t565,30,32.8689161734,0,Capomulin
1441,j119,30,43.0136811371,1,Capomulin
1442,l661,30,55.3290993571,2,Ceftamin
1443,m546,30,37.9699336498,0,Ramicane
1444,x822,30,55.4451548315,2,Ceftamin
1445,k210,30,59.9895097609,1,Ceftamin
1446,w167,30,67.1978718559,0,Placebo
1447,h246,30,63.5996095357,1,Ketapril
1448,s710,30,43.5717032336,1,Capomulin
1449,v991,30,62.7436430758,3,Propriva
1450,b559,30,61.19038662609999,1,Naftisol
1451,i738,30,35.5787798701,1,Capomulin
1452,z795,30,59.789635903999994,2,Naftisol
1453,c282,30,59.005902068500006,1,Placebo
1454,e476,30,57.99279743,1,Infubinol
1455,k382,30,63.469441546400006,4,Ketapril
1456,y769,30,61.071948864300005,3,Ceftamin
1457,o562,30,59.653524533900004,1,Propriva
1458,i177,30,34.711473016,1,Ramicane
1459,y478,30,59.3746145163,1,Placebo
1460,y865,30,59.0332753041,3,Ceftamin
1461,a520,30,36.9477098106,1,Ramicane
1462,x264,30,58.1586942342,3,Naftisol
1463,a685,30,55.4538551891,1,Infubinol
1464,y793,30,35.72602314,2,Capomulin
1465,y260,30,58.5826763418,4,Ketapril
1466,c927,30,60.7539246042,2,Propriva
1467,i334,35,39.769552101799995,2,Ramicane
1468,l897,35,37.682766641,1,Capomulin
1469,o809,35,55.629428464600004,1,Infubinol
1470,a520,35,37.6247102563,1,Ramicane
1471,p189,35,67.87377675180001,4,Ketapril
1472,k483,35,60.5415615864,2,Infubinol
1473,x822,35,56.7965666526,2,Ceftamin
1474,a963,35,56.8139764581,1,Stelasyn
1475,l725,35,69.125701726,3,Naftisol
1476,l733,35,57.6007977375,1,Ceftamin
1477,m269,35,68.689917354,1,Stelasyn
1478,y478,35,61.888026776800004,1,Placebo
1479,s185,35,28.32853059,1,Capomulin
1480,s337,35,54.810812508400005,3,Zoniferol
1481,o973,35,60.2422193118,1,Ketapril
1482,d474,35,56.47911256890001,0,Ketapril
1483,h246,35,67.211270096,2,Ketapril
1484,j989,35,35.1155898014,1,Ramicane
1485,k804,35,62.117278866099994,2,Infubinol
1486,e227,35,66.9491213569,3,Placebo
1487,w151,35,58.3391409547,2,Ceftamin
1488,q511,35,60.8386605931,1,Zoniferol
1489,l700,35,61.4626035412,1,Naftisol
1490,t451,35,63.7569896424,0,Stelasyn
1491,e662,35,43.220276364700005,1,Ramicane
1492,z581,35,58.6283987816,3,Infubinol
1493,c264,35,61.0747950616,2,Zoniferol
1494,w914,35,41.6649157736,1,Capomulin
1495,l661,35,56.4741287099,2,Ceftamin
1496,v603,35,63.189431838599994,1,Ketapril
1497,j246,35,38.7532654788,1,Capomulin
1498,q610,35,36.561652291,2,Ramicane
1499,l509,35,40.2072885023,2,Capomulin
1500,m546,35,38.6275358055,1,Ramicane
1501,w575,35,63.6864450308,2,Zoniferol
1502,i386,35,64.9254203733,3,Infubinol
1503,y865,35,61.153139910600004,3,Ceftamin
1504,n364,35,34.4875220422,1,Ramicane
1505,i738,35,36.1759526888,1,Capomulin
1506,k894,35,55.3626623753,4,Zoniferol
1507,c282,35,59.8876547494,1,Placebo
1508,g296,35,60.3845197846,4,Zoniferol
1509,u327,35,58.089028365,1,Ketapril
1510,j913,35,35.1701484317,0,Ramicane
1511,y769,35,63.4306322123,3,Ceftamin
1512,m601,35,30.834357039,1,Capomulin
1513,a444,35,41.735950834200004,0,Ramicane
1514,q633,35,63.125659298100004,1,Zoniferol
1515,l471,35,61.4059991646,1,Ceftamin
1516,a251,35,60.9038845483,1,Infubinol
1517,x401,35,30.2068248766,0,Capomulin
1518,n304,35,57.12241925560001,4,Naftisol
1519,o795,35,69.0850941547,4,Placebo
1520,p136,35,57.6307819529,1,Zoniferol
1521,n923,35,60.3562943168,3,Ketapril
1522,r604,35,59.217000146000004,2,Naftisol
1523,t565,35,33.5156706323,0,Capomulin
1524,d251,35,37.7085294203,2,Ramicane
1525,j365,35,56.9612001622,2,Zoniferol
1526,c559,35,59.4550407417,2,Zoniferol
1527,a492,35,57.3085537947,1,Stelasyn
1528,g497,35,64.0948892973,2,Ketapril
1529,z969,35,69.17624606689999,4,Naftisol
1530,a401,35,60.347144674,3,Zoniferol
1531,f545,35,66.74292417310001,1,Zoniferol
1532,u196,35,47.0014654238,2,Ramicane
1533,x402,35,55.2409622264,3,Stelasyn
1534,r554,35,33.0693370516,3,Capomulin
1535,q787,35,60.3338524187,3,Placebo
1536,f234,35,57.748758312,2,Stelasyn
1537,j296,35,58.714482958199994,3,Ceftamin
1538,c302,35,62.2365715655,3,Zoniferol
1539,c832,35,61.124487169700004,2,Ketapril
1540,g288,35,38.9541145767,1,Capomulin
1541,f345,35,56.5233272649,1,Infubinol
1542,g107,35,71.9051172092,0,Ketapril
1543,b559,35,65.7057627543,1,Naftisol
1544,r701,35,64.730010445,1,Naftisol
1545,m550,35,62.5391538587,4,Ketapril
1546,x773,35,55.1927363917,4,Placebo
1547,b128,35,37.967644366900004,1,Capomulin
1548,p387,35,66.4922037978,1,Stelasyn
1549,t724,35,67.7443279491,2,Naftisol
1550,s565,35,64.77657908649999,2,Stelasyn
1551,r811,35,36.003020161,1,Ramicane
1552,i635,35,55.679996556800006,2,Propriva
1553,o287,35,55.1182902851,4,Ceftamin
1554,c766,35,65.9523679089,4,Placebo
1555,o926,35,58.593993177200005,3,Zoniferol
1556,r944,35,40.4017654219,2,Capomulin
1557,i901,35,62.1273356091,0,Stelasyn
1558,g316,35,44.7028329625,2,Capomulin
1559,a818,35,63.298545858400004,0,Naftisol
1560,m650,35,69.2657468118,4,Ketapril
1561,b879,35,64.2608863279,2,Stelasyn
1562,z578,35,38.504824438,0,Ramicane
1563,n763,35,57.3824129586,3,Placebo
1564,y793,35,36.3278695997,2,Capomulin
1565,u364,35,35.4594897809,2,Capomulin
1566,k382,35,66.079184831,4,Ketapril
1567,t718,35,60.4638985119,3,Placebo
1568,e584,35,58.0865598876,3,Naftisol
1569,e476,35,60.0643402029,1,Infubinol
1570,v991,35,63.8953129437,4,Propriva
1571,g558,35,60.8621588345,4,Propriva
1572,z795,35,60.435654163900004,2,Naftisol
1573,i557,35,45.9419490139,0,Capomulin
1574,p438,35,57.5385554628,1,Ceftamin
1575,w167,35,68.1342881703,0,Placebo
1576,i177,35,35.152166204299995,1,Ramicane
1577,a203,35,61.93165006939999,2,Infubinol
1578,a644,35,35.128630831399995,0,Ramicane
1579,c927,35,61.8722736528,3,Propriva
1580,j755,35,62.732857600500004,1,Naftisol
1581,y260,35,59.603558210900005,4,Ketapril
1582,w422,35,61.4096199392,4,Ketapril
1583,x264,35,61.2996077776,4,Naftisol
1584,g570,35,62.3304203966,2,Propriva
1585,e213,35,58.2458543541,3,Naftisol
1586,q483,35,59.253484331,1,Ceftamin
1587,c757,35,64.2911635123,2,Placebo
1588,a411,35,39.7172358898,1,Ramicane
1589,o562,35,65.3607674211,1,Propriva
1590,a685,35,58.0926292504,1,Infubinol
1591,a897,35,64.0528731025,3,Placebo
1592,g989,35,62.5708796137,2,Stelasyn
1593,o331,35,70.126237536,2,Ketapril
1594,q597,35,43.8072014225,1,Ramicane
1595,j984,35,64.0553989564,1,Stelasyn
1596,v295,35,61.8931526689,3,Naftisol
1597,q582,35,53.71315791520001,2,Placebo
1598,k862,35,66.5807224433,3,Stelasyn
1599,j119,35,43.7657053733,1,Capomulin
1600,k210,35,63.329330227,1,Ceftamin
1601,y163,35,61.7301956164,2,Infubinol
1602,a275,35,56.35353803939999,2,Ceftamin
1603,w350,35,56.683557576800006,1,Propriva
1604,s508,35,35.846140698,0,Ramicane
1605,k403,35,26.546993430700002,1,Ramicane
1606,a699,35,56.5106823354,1,Propriva
1607,s710,35,44.1605187913,1,Capomulin
1608,c402,35,65.80796270020001,2,Stelasyn
1609,c819,35,57.7295346636,1,Ketapril
1610,x581,35,58.0775829251,3,Ceftamin
1611,c139,35,67.8214196868,1,Infubinol
1612,a262,35,66.5619630236,4,Placebo
1613,m957,35,32.5628391419,1,Capomulin
1614,b742,35,39.8475755554,0,Capomulin
1615,c758,35,37.802385459899995,1,Ramicane
1616,v923,35,41.4392415569,2,Capomulin
1617,w697,35,63.6890421576,3,Stelasyn
1618,p981,35,59.1310229741,1,Stelasyn
1619,t198,35,57.735941156,3,Propriva
1620,g791,35,30.9603919427,1,Ramicane
1621,a262,40,69.592731975,4,Placebo
1622,a644,40,35.7794508609,0,Ramicane
1623,i334,40,40.442370366999995,2,Ramicane
1624,a520,40,38.259724974099996,1,Ramicane
1625,k894,40,58.647056157,4,Zoniferol
1626,e662,40,44.0067238476,2,Ramicane
1627,n364,40,34.9547331119,1,Ramicane
1628,k403,40,24.3655047062,1,Ramicane
1629,b128,40,38.3797259008,2,Capomulin
1630,i177,40,35.5579327877,2,Ramicane
1631,c302,40,63.281071482399994,4,Zoniferol
1632,s508,40,32.798171188299996,0,Ramicane
1633,y478,40,65.9711201741,1,Placebo
1634,t718,40,61.530398900200005,3,Placebo
1635,c282,40,65.0217994401,2,Placebo
1636,o795,40,70.26647886960001,4,Placebo
1637,m546,40,35.1145752025,1,Ramicane
1638,z578,40,34.0220933558,0,Ramicane
1639,g791,40,31.3694057336,1,Ramicane
1640,c758,40,32.8331885798,1,Ramicane
1641,d251,40,38.2654037868,2,Ramicane
1642,c264,40,65.7083227208,2,Zoniferol
1643,u196,40,43.4536867949,2,Ramicane
1644,c757,40,66.6043677097,2,Placebo
1645,r811,40,36.5200328965,1,Ramicane
1646,c766,40,67.68529455779999,4,Placebo
1647,e227,40,70.7152176003,3,Placebo
1648,n763,40,58.011145829600004,4,Placebo
1649,f545,40,71.1081183452,1,Zoniferol
1650,r944,40,41.042044904,2,Capomulin
1651,x773,40,55.9876755056,4,Placebo
1652,s185,40,25.4721432616,1,Capomulin
1653,a897,40,67.211742786,4,Placebo
1654,q787,40,62.03412670310001,3,Placebo
1655,a444,40,42.5049255428,0,Ramicane
1656,m601,40,31.378045301900002,1,Capomulin
1657,t565,40,33.9493413058,0,Capomulin
1658,q597,40,44.471821213199995,2,Ramicane
1659,j989,40,35.501190136700004,1,Ramicane
1660,u327,40,60.466545411800006,1,Ketapril
1661,b879,40,67.1891266642,2,Stelasyn
1662,j755,40,67.2077102951,1,Naftisol
1663,y260,40,60.9141762702,4,Ketapril
1664,g570,40,68.5258561579,2,Propriva
1665,a275,40,60.921538678699996,3,Ceftamin
1666,s710,40,40.1719201094,1,Capomulin
1667,s565,40,67.2210069793,2,Stelasyn
1668,p387,40,69.0388761787,1,Stelasyn
1669,l471,40,63.84485785,1,Ceftamin
1670,i635,40,56.8424351425,3,Propriva
1671,e476,40,61.5252758296,1,Infubinol
1672,k382,40,67.4209552138,4,Ketapril
1673,j119,40,44.5850895996,1,Capomulin
1674,i901,40,64.3034545102,0,Stelasyn
1675,a203,40,63.593490019499995,2,Infubinol
1676,b742,40,38.255627397800005,0,Capomulin
1677,w422,40,63.0725846692,4,Ketapril
1678,k862,40,67.5713412826,4,Stelasyn
1679,t198,40,59.1299599699,4,Propriva
1680,k210,40,66.62283627560001,2,Ceftamin
1681,a699,40,58.605448163599995,1,Propriva
1682,f345,40,58.315592504099996,1,Infubinol
1683,v923,40,42.1510147986,2,Capomulin
1684,m550,40,68.2107201909,4,Ketapril
1685,l661,40,59.205668760500004,3,Ceftamin
1686,o287,40,57.1971928996,4,Ceftamin
1687,v295,40,65.4660744433,3,Naftisol
1688,e213,40,60.2365479716,3,Naftisol
1689,w151,40,62.187950389099996,2,Ceftamin
1690,p189,40,74.10609077310001,4,Ketapril
1691,t724,40,69.7283255901,2,Naftisol
1692,q483,40,64.19234113520001,1,Ceftamin
1693,r701,40,66.6407217789,1,Naftisol
1694,p438,40,59.3052880573,1,Ceftamin
1695,a818,40,69.2738137369,1,Naftisol
1696,x264,40,63.2832882078,4,Naftisol
1697,c927,40,64.18322918060001,4,Propriva
1698,a411,40,40.2588176479,1,Ramicane
1699,j296,40,60.0726884804,3,Ceftamin
1700,a685,40,60.5679037056,2,Infubinol
1701,z795,40,62.3766388411,3,Naftisol
1702,v991,40,64.8511286037,4,Propriva
1703,h246,40,71.1508346844,2,Ketapril
1704,u364,40,36.0241375158,2,Capomulin
1705,o562,40,71.1724632085,1,Propriva
1706,m957,40,32.9476148417,1,Capomulin
1707,c819,40,62.175704646099994,1,Ketapril
1708,x581,40,60.280405485799996,3,Ceftamin
1709,e584,40,62.8168708302,4,Naftisol
1710,g558,40,61.7749626799,4,Propriva
1711,y793,40,31.4754107558,2,Capomulin
1712,i557,40,46.821069715600004,1,Capomulin
1713,j984,40,67.7770803588,1,Stelasyn
1714,l725,40,73.69349381880001,3,Naftisol
1715,g316,40,45.56582103109999,2,Capomulin
1716,p136,40,61.3802488668,1,Zoniferol
1717,r604,40,60.1861153114,2,Naftisol
1718,a492,40,57.9284989721,1,Stelasyn
1719,k483,40,64.13872489020001,3,Infubinol
1720,o973,40,64.4878124585,2,Ketapril
1721,j365,40,62.327170655500005,2,Zoniferol
1722,d474,40,60.233732778100006,1,Ketapril
1723,l509,40,40.7708125938,2,Capomulin
1724,z581,40,60.053739633999996,3,Infubinol
1725,a401,40,61.7686053849,4,Zoniferol
1726,g497,40,67.7428140557,2,Ketapril
1727,x402,40,56.6917229436,3,Stelasyn
1728,y865,40,63.469549459899994,3,Ceftamin
1729,q633,40,68.4986387581,2,Zoniferol
1730,z969,40,70.3149041142,4,Naftisol
1731,a251,40,63.0950756519,1,Infubinol
1732,w914,40,35.6113086052,2,Capomulin
1733,w575,40,64.938406207,3,Zoniferol
1734,r554,40,31.804841329699997,3,Capomulin
1735,i386,40,67.2896214667,4,Infubinol
1736,j913,40,31.001860776100003,1,Ramicane
1737,g296,40,62.2219149274,4,Zoniferol
1738,i738,40,36.8438979862,2,Capomulin
1739,c832,40,62.5723181635,2,Ketapril
1740,c559,40,60.86184431229999,3,Zoniferol
1741,x401,40,28.167397323099998,0,Capomulin
1742,n304,40,59.8305066732,4,Naftisol
1743,w350,40,62.324347690100005,2,Propriva
1744,m650,40,70.7970678729,4,Ketapril
1745,c402,40,70.2222967893,2,Stelasyn
1746,b559,40,69.9696164479,1,Naftisol
1747,o926,40,59.903044476999995,3,Zoniferol
1748,c139,40,69.4281409486,2,Infubinol
1749,l897,40,38.3439015408,1,Capomulin
1750,x822,40,59.5556846563,2,Ceftamin
1751,l700,40,62.9866779843,1,Naftisol
1752,t451,40,67.654795994,1,Stelasyn
1753,y163,40,63.6206795825,2,Infubinol
1754,q511,40,63.1944280711,2,Zoniferol
1755,l733,40,59.443506495200005,1,Ceftamin
1756,m269,40,70.21464418640001,1,Stelasyn
1757,y769,40,64.2510276139,4,Ceftamin
1758,g288,40,36.356851210500004,1,Capomulin
1759,n923,40,66.22960553909999,3,Ketapril
1760,a963,40,58.4637868525,1,Stelasyn
1761,o331,40,71.4477425103,3,Ketapril
1762,s337,40,56.9948158925,4,Zoniferol
1763,n364,45,31.0953350465,1,Ramicane
1764,b128,45,38.9828777369,2,Capomulin
1765,l661,45,59.8519555174,3,Ceftamin
1766,y865,45,64.7298365528,3,Ceftamin
1767,y769,45,68.5947449754,4,Ceftamin
1768,b559,45,73.0513633905,1,Naftisol
1769,t565,45,34.4552979914,0,Capomulin
1770,c282,45,65.8151653496,2,Placebo
1771,l509,45,41.4830076486,3,Capomulin
1772,j296,45,61.8490233555,3,Ceftamin
1773,a411,45,38.407618303,1,Ramicane
1774,p189,45,75.2949359046,4,Ketapril
1775,m650,45,73.9013991214,4,Ketapril
1776,q597,45,45.220868879499996,2,Ramicane
1777,g288,45,37.0740242155,1,Capomulin
1778,o331,45,78.56701362140001,4,Ketapril
1779,y163,45,67.68556862300001,3,Infubinol
1780,i334,45,36.3745103858,2,Ramicane
1781,c139,45,72.2267308995,2,Infubinol
1782,c832,45,65.415954505,3,Ketapril
1783,a262,45,70.7176205811,4,Placebo
1784,z581,45,62.754451407299996,3,Infubinol
1785,g497,45,69.87225079470001,2,Ketapril
1786,a251,45,65.5257428523,1,Infubinol
1787,q787,45,66.0964747731,3,Placebo
1788,r554,45,32.3773568408,3,Capomulin
1789,k483,45,66.1969115113,3,Infubinol
1790,w151,45,67.5274823673,3,Ceftamin
1791,g316,45,40.159220298600005,2,Capomulin
1792,m550,45,69.2535031225,4,Ketapril
1793,e227,45,73.2129385077,3,Placebo
1794,a685,45,66.08306589,3,Infubinol
1795,s508,45,30.2762317489,0,Ramicane
1796,h246,45,74.1040856682,2,Ketapril
1797,y793,45,31.8962383998,2,Capomulin
1798,c766,45,69.8231457684,4,Placebo
1799,z578,45,30.6386957475,0,Ramicane
1800,m957,45,33.3290977815,1,Capomulin
1801,e662,45,40.6590062721,2,Ramicane
1802,e476,45,62.4354040184,1,Infubinol
1803,k382,45,73.7156189986,4,Ketapril
1804,a203,45,67.9734187806,2,Infubinol
1805,w422,45,67.9895300127,4,Ketapril
1806,f345,45,60.9187665154,1,Infubinol
1807,y260,45,62.909440620299996,4,Ketapril
1808,m546,45,30.564625086,1,Ramicane
1809,a818,45,74.9977644288,2,Naftisol
1810,l471,45,67.7486617382,1,Ceftamin
1811,s337,45,62.1096510197,4,Zoniferol
1812,a963,45,62.76509316520001,1,Stelasyn
1813,q511,45,68.61106074770001,3,Zoniferol
1814,k403,45,22.0501262735,1,Ramicane
1815,t451,45,68.711630197,1,Stelasyn
1816,o926,45,62.327966062899996,4,Zoniferol
1817,l897,45,38.8468756907,1,Capomulin
1818,c302,45,64.5752215711,4,Zoniferol
1819,w350,45,64.957561848,2,Propriva
1820,c402,45,74.0403901771,3,Stelasyn
1821,v923,45,40.6581236579,2,Capomulin
1822,c758,45,33.3976525121,1,Ramicane
1823,j984,45,70.6538316181,1,Stelasyn
1824,a699,45,62.1914143712,1,Propriva
1825,a897,45,72.2559630577,4,Placebo
1826,t198,45,64.9113626787,4,Propriva
1827,k862,45,69.2991490732,4,Stelasyn
1828,j989,45,36.134852433,1,Ramicane
1829,b742,45,38.9396326337,0,Capomulin
1830,m269,45,75.1236895484,1,Stelasyn
1831,c264,45,67.9421210707,2,Zoniferol
1832,g296,45,68.16319517069999,4,Zoniferol
1833,j913,45,31.5604695499,1,Ramicane
1834,w575,45,68.4012859299,3,Zoniferol
1835,k894,45,60.7527041686,4,Zoniferol
1836,a444,45,43.0475426023,0,Ramicane
1837,q633,45,70.8277963054,2,Zoniferol
1838,w914,45,36.0410473598,2,Capomulin
1839,a401,45,66.79415598920001,4,Zoniferol
1840,f545,45,73.3244322804,1,Zoniferol
1841,x402,45,61.6196061525,3,Stelasyn
1842,j365,45,64.2940849315,2,Zoniferol
1843,m601,45,28.4309641063,1,Capomulin
1844,d251,45,37.311235519499995,2,Ramicane
1845,a492,45,60.1220105157,1,Stelasyn
1846,x401,45,28.4840328114,0,Capomulin
1847,p136,45,63.488696780299996,2,Zoniferol
1848,c559,45,61.840058422,4,Zoniferol
1849,s185,45,23.3435978665,1,Capomulin
1850,i738,45,37.3118457744,2,Capomulin
1851,i901,45,65.3418108738,0,Stelasyn
1852,c757,45,69.04284081770001,3,Placebo
1853,t724,45,75.1132880077,2,Naftisol
1854,s710,45,40.728577871599995,1,Capomulin
1855,x581,45,64.63494887479999,3,Ceftamin
1856,a275,45,62.9993561904,3,Ceftamin
1857,a520,45,38.8103663256,1,Ramicane
1858,k210,45,68.9231845721,3,Ceftamin
1859,j119,45,38.1251643976,1,Capomulin
1860,y478,45,66.842634534,1,Placebo
1861,l725,45,76.66881741729999,3,Naftisol
1862,x822,45,61.386660315200004,3,Ceftamin
1863,l700,45,63.9466404372,1,Naftisol
1864,l733,45,64.2998300327,1,Ceftamin
1865,n304,45,63.5863951382,4,Naftisol
1866,o795,45,73.0594543492,4,Placebo
1867,u196,45,40.6677129221,3,Ramicane
1868,r604,45,62.670759039,3,Naftisol
1869,z969,45,73.8678447583,4,Naftisol
1870,g791,45,29.1284718087,1,Ramicane
1871,i635,45,58.633404140100005,3,Propriva
1872,o287,45,59.7419006401,4,Ceftamin
1873,r701,45,69.7785440734,1,Naftisol
1874,r811,45,37.2256503301,1,Ramicane
1875,u327,45,66.2688013293,2,Ketapril
1876,s565,45,72.58896446770001,2,Stelasyn
1877,g570,45,70.4927876341,2,Propriva
1878,i557,45,47.6859630331,1,Capomulin
1879,a644,45,32.9785219169,1,Ramicane
1880,j755,45,69.56362075979999,1,Naftisol
1881,e213,45,63.105696295200005,4,Naftisol
1882,e584,45,68.3597766991,4,Naftisol
1883,t718,45,63.4236951662,4,Placebo
1884,o562,45,72.4554211616,2,Propriva
1885,i177,45,33.5624021721,3,Ramicane
1886,v991,45,70.1677489854,4,Propriva
1887,z795,45,65.74107029390001,3,Naftisol
1888,r944,45,41.5815207362,2,Capomulin
1889,u364,45,31.0239229361,3,Capomulin
1890,p438,45,61.4338922251,1,Ceftamin
1891,x773,45,58.63497148689999,4,Placebo
1892,b879,45,72.5552389364,2,Stelasyn
